itemcode,etfTabCode,itemname,nowVal,risefall,changeVal,changeRate,nav,threeMonthEarnRate,quant,amonut,marketSum
069500,1,KODEX 200,104230,5,-3655,-3.39,104412.0,-23.546,17795100,1860483,243169
360750,4,TIGER 미국S&P500,25895,5,-225,-0.86,25890.0,-7.6896,21092539,546778,202318
133690,4,TIGER 미국나스닥100,175947,5,-2838,-1.59,176126.0,-11.8756,2664065,469546,113028
379800,4,KODEX 미국S&P500,23535,5,-205,-0.86,23534.0,-7.687,20346247,479311,99953
102110,1,TIGER 200,104465,5,-3705,-3.43,104636.0,-23.4435,11185591,1172415,99033
396500,2,TIGER 반도체TOP10,34100,5,-1065,-3.03,34155.0,-33.0255,6714157,229491,91627
379810,4,KODEX 미국나스닥100,26310,5,-415,-1.55,26333.0,-11.9246,16061860,423112,91230
488770,7,KODEX 머니마켓액티브,105397,2,7,0.01,105401.0,0.8516,459057,48383,80534
278530,1,KODEX 200TR,37755,5,-1320,-3.38,37804.0,-23.4574,635673,24074,74075
459580,6,KODEX CD금리액티브(합성),1073570,2,90,0.01,1073767.0,0.7125,519830,558072,65238
498400,2,KODEX 200타겟위클리커버드콜,19815,5,-680,-3.32,19823.0,-23.0191,8438712,167723,55621
122630,3,KODEX 레버리지,100320,5,-7405,-6.87,100490.0,-52.2284,14122029,1426151,55126
0167A0,2,SOL AI반도체TOP2플러스,17005,5,-450,-2.58,17033.0,-31.7765,9105193,154688,54510
381180,4,TIGER 미국필라델피아반도체나스닥,40005,5,-1235,-2.99,40192.0,-19.3957,1206456,48336,54447
091160,2,KODEX 반도체,122255,5,-2465,-1.98,122438.0,-24.5995,819691,99878,53425
229200,1,KODEX 코스닥150,13800,5,-150,-1.08,13840.0,-24.226,29597263,407817,48279
458730,4,TIGER 미국배당다우존스,15065,5,-35,-0.23,15046.0,-1.5711,1360456,20519,43071
148020,1,RISE 200,105025,5,-3675,-3.38,105201.0,-23.5724,773604,81567,42903
310970,1,TIGER MSCI Korea TR,46525,5,-1620,-3.36,46556.0,-23.8393,14196,663,42152
0162Z0,7,RISE 삼성전자SK하이닉스채권혼합50,13130,5,-230,-1.72,13140.0,-11.3373,3869347,50845,40454
411060,5,ACE KRX금현물,26670,5,-765,-2.79,26658.0,-8.0135,899250,23953,39712
360200,4,ACE 미국S&P500,26170,5,-275,-1.04,26174.0,-7.5381,715985,18767,39150
395160,2,KODEX AI반도체TOP2플러스,37940,5,-1380,-3.51,37976.0,-27.1042,2301355,87570,38737
381170,4,TIGER 미국테크TOP10 INDXX,30315,5,-255,-0.83,30319.0,-13.2643,286821,8716,37454
357870,6,TIGER CD금리투자KIS(합성),57992,2,2,0.0,57991.0,0.747,174999,10148,35537
423160,6,KODEX KOFR금리액티브(합성),110672,2,7,0.01,110665.0,0.6839,45712,5059,35507
395270,2,HANARO Fn K-반도체,53895,5,-1905,-3.41,53962.0,-26.3318,832909,45043,34035
367380,4,ACE 미국나스닥100,30250,5,-480,-1.56,30275.0,-11.9445,418489,12674,33880
102780,2,KODEX 삼성그룹,25895,5,-775,-2.91,25945.0,-20.8253,849644,22001,33482
273130,6,KODEX 종합채권(AA-이상)액티브,109610,5,-140,-0.13,109644.0,-0.7641,17945,1966,33241
233740,3,KODEX 코스닥150레버리지,6710,5,-145,-2.12,6736.0,-51.2447,76137372,507795,32980
0043B0,6,TIGER 머니마켓액티브,103525,2,15,0.01,103528.0,0.8771,108346,11216,32963
487240,2,KODEX AI전력핵심설비,34660,5,-1645,-4.53,34670.0,-27.6226,2098234,73436,30258
455890,6,RISE 머니마켓액티브,55472,2,2,0.0,55478.0,0.8087,91301,5064,27713
139260,2,TIGER 200 IT,131955,5,-4850,-3.55,132115.0,-29.3418,129149,17097,26127
472150,2,TIGER 배당커버드콜액티브,19530,5,-655,-3.24,19539.0,-21.5573,3148078,61627,25416
481050,6,KODEX CD1년금리플러스액티브(합성),1021735,2,95,0.01,1021657.0,0.7656,32162,32860,25060
161510,2,PLUS 고배당주,25210,5,-400,-1.56,25221.0,-3.836,479934,12149,24134
486290,4,TIGER 미국나스닥100타겟데일리커버드콜,10245,5,-160,-1.54,10255.0,-11.9379,1798346,18439,24076
449170,6,TIGER KOFR금리액티브(합성),111750,2,5,0.0,111753.0,0.6621,58332,6518,24065
426030,4,TIME 미국나스닥100액티브,43450,5,-1325,-2.96,43509.0,-22.9545,440115,19118,23619
278540,1,KODEX MSCI Korea TR,37010,5,-1360,-3.54,37062.0,-23.7177,18743,697,22687
0193T0,2,KODEX SK하이닉스단일종목레버리지,9320,5,-805,-7.95,9313.0,-67.4438,19520541,182694,21573
456600,4,TIME 글로벌AI인공지능액티브,55985,5,-1450,-2.52,56026.0,-18.3525,142660,7985,20457
284430,6,KODEX 200미국채혼합50,20385,5,-375,-1.81,20379.0,-14.9001,338983,6930,19896
292150,2,TIGER 코리아TOP10,36465,5,-1465,-3.86,36510.0,-22.5652,269063,9876,19527
385540,6,RISE 종합채권(A-이상)액티브,102670,5,-100,-0.1,102690.0,-0.8012,291,29,19502
214980,6,KODEX 단기채권PLUS,114620,5,-5,0.0,114639.0,0.6964,15435,1769,18244
294400,1,KIWOOM 200TR,136840,5,-4840,-3.42,137034.0,-23.6309,59650,8184,17447
305720,2,KODEX 2차전지산업,14635,5,-650,-4.25,14648.0,-22.6076,3490462,51787,17035
441640,4,KODEX 미국배당커버드콜액티브,12550,5,-75,-0.59,12553.0,-4.1329,809230,10170,16811
105190,1,ACE 200,104495,5,-3665,-3.39,104649.0,-23.8269,165791,17377,16510
442580,4,PLUS 글로벌HBM반도체,95765,5,-3220,-3.25,95845.0,-21.0458,293684,28097,16462
477080,6,RISE CD금리액티브(합성),107465,2,10,0.01,107468.0,0.7311,5284,567,16241
368590,4,RISE 미국나스닥100,29350,5,-470,-1.58,29370.0,-11.8369,230522,6774,15497
329200,2,TIGER 리츠부동산인프라,4060,5,-5,-0.12,4058.0,4.1873,3070472,12492,15491
0177N0,7,KODEX 삼성전자SK하이닉스채권혼합50,13855,5,-235,-1.67,13863.0,-11.2863,3822844,53006,15060
453850,6,ACE 미국30년국채액티브(H),7110,5,-10,-0.14,7127.0,-2.9973,446559,3176,15002
446770,4,ACE 글로벌반도체TOP4 Plus,74080,5,-1860,-2.45,74163.0,-17.9083,36464,2705,14927
379780,4,RISE 미국S&P500,22635,5,-200,-0.88,22631.0,-7.6966,204551,4636,14894
152100,1,PLUS 200,105810,5,-3735,-3.41,105994.0,-22.8828,340879,36275,14390
475630,7,TIGER CD1년금리액티브(합성),1075985,2,90,0.01,1075989.0,0.767,42417,45640,14244
0193W0,2,KODEX 삼성전자단일종목레버리지,11095,5,-730,-6.17,11091.0,-59.7104,6719688,74593,14218
466920,2,SOL 조선TOP3플러스,26365,5,-1670,-5.96,26365.0,-25.4389,957581,25582,13987
487230,4,KODEX 미국AI전력핵심인프라,18160,5,-300,-1.63,18293.0,-27.8501,705410,12875,13720
226490,1,KODEX 코스피,67780,5,-2345,-3.34,67879.0,-22.4819,644082,43763,13692
232080,1,TIGER 코스닥150,14075,5,-145,-1.02,14115.0,-24.3819,9093789,128098,13157
436140,6,SOL 종합채권(AA-이상)액티브,105940,5,-110,-0.1,105967.0,-0.7813,1736,183,13060
0195S0,2,TIGER SK하이닉스단일종목레버리지,7905,5,-670,-7.81,7903.0,-67.6842,8681136,69135,13025
091230,2,TIGER 반도체,129140,5,-2360,-1.79,129311.0,-23.9644,132211,17021,12914
157450,6,TIGER 단기통안채,112540,2,20,0.02,112538.0,0.617,12432,1399,12759
448330,1,KODEX 삼성전자채권혼합,17190,5,-210,-1.21,17182.0,-5.271,276154,4749,12703
438080,7,ACE 미국S&P500미국채혼합50액티브,13875,5,-95,-0.68,13873.0,-7.88,319250,4434,12196
390390,4,KODEX 미국반도체,50610,5,-1385,-2.66,50744.0,-16.1481,289044,14650,12070
0072R0,5,TIGER KRX금현물,12730,5,-380,-2.9,12740.0,-8.0323,1035577,13180,11820
469150,2,ACE AI반도체TOP3+,55750,5,-995,-1.75,55892.0,-29.6492,283684,15769,11011
0139F0,6,TIGER 12월자동연장금융채(AA-이상)액티브,102135,2,35,0.03,102119.0,0.7598,99,10,10804
0183J0,4,TIGER 미국우주테크,7230,5,-245,-3.28,7259.0,-56.414,891673,6453,10632
356540,6,ACE 종합채권(AA-이상)액티브,101040,5,-80,-0.08,101021.0,-0.629,1018,102,10485
465580,4,ACE 미국빅테크TOP7 Plus,23980,5,-235,-0.97,23994.0,-9.7802,252153,6058,10479
446720,4,SOL 미국배당다우존스,13815,5,-35,-0.25,13792.0,-1.6048,173404,2397,10444
451540,6,TIGER 종합채권(AA-이상)액티브,52690,5,-60,-0.11,52695.0,-0.8179,835,43,10328
479520,6,RISE KOFR금리액티브(합성),106375,2,15,0.01,106373.0,0.6625,2536,269,10326
497570,4,TIGER 미국필라델피아AI반도체나스닥,20500,5,-515,-2.45,20554.0,-14.9743,271595,5573,10322
494890,1,KODEX 200액티브,30040,5,-1080,-3.47,30091.0,-23.8481,157494,4735,10304
445290,2,KODEX 로봇액티브,29450,5,-1050,-3.44,29476.0,-39.3344,167036,4924,10263
449180,4,KODEX 미국S&P500(H),17035,5,-125,-0.73,17035.0,0.8877,748376,12743,10212
455850,2,SOL AI반도체소부장,24085,2,135,0.56,24135.0,-16.9988,1317616,31412,10152
469830,6,SOL 초단기채권액티브,54372,2,2,0.0,54376.0,0.8252,145381,7904,10026
494300,4,KODEX 미국나스닥100데일리커버드콜OTM,8795,5,-135,-1.51,8804.0,-15.1908,1453276,12793,9947
449450,2,PLUS K방산,49950,5,-2380,-4.55,50051.0,-23.0385,205517,10338,9715
402970,4,ACE 미국배당다우존스,15340,5,-45,-0.29,15318.0,-1.5083,174249,2675,9710
0117V0,2,TIGER 코리아AI전력기기TOP3플러스,18060,5,-920,-4.85,18065.0,-26.3623,1058360,19275,9662
479080,6,1Q 머니마켓액티브,53760,2,5,0.01,53764.0,0.8252,67963,3653,9649
295040,1,SOL 200TR,39085,5,-1390,-3.43,39139.0,-23.6249,72594,2840,9615
315930,2,KODEX Top5PlusTR,77800,5,-2720,-3.38,77833.0,-23.7248,15771,1233,9336
237350,1,KODEX 코스피100,83225,5,-2520,-2.94,83267.0,-24.5457,168672,14092,9321
305540,2,TIGER 2차전지테마,18620,5,-720,-3.72,18637.0,-20.4279,548213,10339,9273
495050,1,RISE 코리아밸류업,31110,5,-1100,-3.42,31134.0,-21.1095,82204,2571,9255
0117L0,6,KODEX 26-12 금융채(AA-이상)액티브,10157,5,-3,-0.03,10155.0,0.6937,12806,130,9221
438100,7,ACE 미국나스닥100미국채혼합50액티브,14940,5,-135,-0.9,14947.0,-10.161,176828,2646,9218
494310,2,KODEX 반도체레버리지,71635,5,-2945,-3.95,71895.0,-56.4891,2393927,170317,9026
498410,2,KODEX 금융고배당TOP10타겟위클리커버드콜,11875,5,-75,-0.63,11880.0,8.6477,1497042,17934,8538
475720,3,RISE 200위클리커버드콜,12375,5,-280,-2.21,12380.0,-17.3948,581946,7210,8316
487340,6,ACE 머니마켓액티브,105855,2,10,0.01,105853.0,0.8623,2274,240,8308
0195R0,2,TIGER 삼성전자단일종목레버리지,10115,5,-695,-6.43,10100.0,-60.2355,4884273,49508,8307
0048J0,6,KODEX 미국머니마켓액티브,13665,3,0,0.0,13645.0,-8.039,522131,7141,8206
466940,2,TIGER 은행고배당플러스TOP10,26850,5,-90,-0.33,26853.0,11.3612,782800,21242,8149
153130,6,KODEX 단기채권,113270,5,-25,-0.02,113286.0,0.6468,7170,812,7983
0219E0,2,KODEX 200커버드콜액티브,8085,5,-270,-3.23,8084.0,,4600661,37266,7875
441800,1,TIME Korea플러스배당액티브,28240,5,-635,-2.2,28253.0,-22.5133,180465,5115,7834
476550,6,TIGER 미국30년국채커버드콜액티브(H),6740,5,-15,-0.22,6755.0,-3.0787,1263812,8513,7788
0025N0,7,TIGER TDF2045 적격,11860,5,-65,-0.55,11865.0,-6.3972,161309,1914,7715
144600,5,KODEX 은선물(H),10385,5,-415,-3.84,10392.0,-12.9735,937511,9714,7643
0177R0,2,TIGER 반도체TOP10커버드콜액티브,10750,5,-325,-2.93,10752.0,-25.8618,1022628,10997,7643
481060,6,KODEX 미국30년국채타겟커버드콜(합성 H),7410,5,-10,-0.13,7439.0,-1.8898,288666,2135,7621
490590,4,RISE 미국AI밸류체인데일리고정커버드콜,13500,5,-295,-2.14,13529.0,-15.6726,382277,5167,7547
457480,4,ACE 테슬라밸류체인액티브,18245,5,-635,-3.36,18233.0,-23.7942,211078,3857,7535
272580,6,TIGER 단기채권액티브,57080,3,0,0.0,57089.0,0.7323,36428,2079,7458
462330,2,KODEX 2차전지산업레버리지,1034,5,-89,-7.93,1033.0,-48.6042,80359913,84893,7382
252670,3,KODEX 200선물인버스2X,81,2,5,6.58,82.0,0.0,4518714011,364921,7318
069660,1,KIWOOM 200,104215,5,-3700,-3.43,104371.0,-23.6482,90752,9511,7295
114800,3,KODEX 인버스,1057,2,36,3.53,1057.0,10.6175,426805147,449321,7281
0061Z0,6,RISE 단기특수은행채액티브,50990,3,0,0.0,50993.0,0.7408,285,14,7216
458760,4,TIGER 미국배당다우존스타겟커버드콜2호,11040,3,0,0.0,11022.0,-1.2057,178248,1967,7126
371460,4,TIGER 차이나전기차SOLACTIVE,9815,5,-245,-2.44,9883.0,-25.4815,95649,940,7094
456610,6,TIGER 미국달러SOFR금리액티브(합성),59440,5,-75,-0.13,59431.0,-7.9357,16737,996,7044
364980,2,TIGER 2차전지TOP10,10300,5,-420,-3.92,10305.0,-17.7284,2913742,30312,6994
102970,2,KODEX 증권,17835,5,-575,-3.12,17874.0,-28.822,376797,6758,6786
0127P0,4,ACE 미국대형성장주액티브,10260,5,-185,-1.77,10288.0,-11.6559,42981,441,6705
329750,6,TIGER 미국달러단기채권액티브,12935,5,-10,-0.08,12932.0,-8.3216,293543,3800,6674
434730,2,HANARO 원자력iSelect,55950,5,-2840,-4.83,56061.0,-22.6601,142989,8117,6630
367760,2,RISE 네트워크인프라,56955,5,-1330,-2.28,56985.0,-34.7313,78568,4466,6607
495850,1,KODEX 코리아밸류업,30845,5,-1075,-3.37,30888.0,-21.0463,47122,1462,6570
0167B0,2,SOL 200타겟위클리커버드콜,11330,5,-390,-3.33,11350.0,-22.8558,685470,7789,6560
314250,4,KODEX 미국빅테크10(H),62105,5,-665,-1.06,62202.0,0.5894,19319,1200,6558
482730,4,TIGER 미국S&P500타겟데일리커버드콜,11615,5,-90,-0.77,11612.0,-7.653,287392,3339,6551
290130,2,RISE ESG사회책임투자,45280,5,-1660,-3.54,45378.0,-23.0114,96090,4380,6407
138540,2,TIGER 현대차그룹플러스,48510,5,-2485,-4.87,48549.0,-32.6666,117692,5749,6335
418660,4,TIGER 미국나스닥100레버리지(합성),38145,5,-1245,-3.16,38202.0,-24.2719,241316,9241,6313
434060,7,KODEX TDF2050액티브 적격,16585,5,-165,-0.99,16507.0,-9.1802,74845,1243,6244
489250,4,KODEX 미국배당다우존스,12975,5,-40,-0.31,12963.0,-1.6278,576762,7490,6124
484790,6,KODEX 미국30년국채액티브(H),8185,5,-20,-0.24,8178.0,-2.84,564471,4616,5992
251600,7,PLUS 고배당주채권혼합,15460,5,-70,-0.45,15434.0,-0.6953,117000,1811,5983
0148J0,2,TIGER 코리아휴머노이드로봇산업,8650,5,-310,-3.46,8654.0,-44.5545,1788709,15499,5895
491010,4,TIGER 글로벌AI전력인프라액티브,23195,5,-480,-2.03,23322.0,-30.5923,65959,1535,5843
0101N0,2,RISE AI전력인프라,18600,5,-970,-4.96,18618.0,-20.8013,141301,2655,5840
277630,1,TIGER 코스피,68835,5,-2390,-3.36,68897.0,-21.8193,149543,10299,5679
0015B0,4,KoAct 미국나스닥성장기업액티브,17580,5,-695,-3.8,17651.0,-25.5298,479330,8417,5670
449190,4,KODEX 미국나스닥100(H),21865,5,-320,-1.44,21885.0,-3.6977,155940,3408,5597
477050,6,PLUS 머니마켓액티브,53515,2,5,0.01,53519.0,0.8385,2597,138,5548
371160,4,TIGER 차이나항셍테크,6740,5,-110,-1.61,6744.0,-15.9345,533913,3592,5520
0007F0,6,KODEX 27-12 회사채(AA-이상)액티브,10190,2,5,0.05,10189.0,0.7916,31881,325,5520
0019K0,7,TIME 미국나스닥100채권혼합50액티브,12890,5,-185,-1.41,12920.0,-10.7204,272094,3505,5510
466950,4,TIGER 글로벌AI액티브,28935,5,-1040,-3.47,29111.0,-28.3238,134064,3874,5466
396520,4,TIGER 차이나반도체FACTSET,13225,5,-230,-1.71,13302.0,-11.6547,361321,4766,5454
0091P0,2,TIGER 코리아원자력,15970,5,-600,-3.62,15982.0,-19.9131,822502,13149,5454
491620,4,RISE 미국테크100데일리고정커버드콜,10275,5,-140,-1.34,10285.0,-10.6901,598811,6158,5451
385560,6,RISE KIS국고채30년Enhanced,50990,5,-335,-0.65,51042.0,-9.6471,26545,1351,5420
0105E0,2,SOL 코리아고배당,12995,5,-190,-1.44,12993.0,-3.0714,309100,4033,5399
488080,3,TIGER 반도체TOP10레버리지,30390,5,-1925,-5.96,30459.0,-65.8332,3066950,93678,5364
494670,2,TIGER 조선TOP10,20785,5,-1265,-5.74,20789.0,-25.1782,395679,8311,5342
455030,6,KODEX 미국달러SOFR금리액티브(합성),11750,5,-10,-0.09,11732.0,-8.0981,92718,1090,5335
438330,6,TIGER 우량회사채액티브,115440,5,-95,-0.08,115506.0,0.873,3609,416,5309
462010,2,TIGER 2차전지소재Fn,4830,5,-255,-5.01,4827.0,-27.9235,2466936,12071,5260
365780,6,ACE 국고채10년,81950,5,-285,-0.35,82010.0,-0.5142,3247,266,5175
496080,1,TIGER 코리아밸류업,30985,5,-1030,-3.22,30987.0,-21.1741,88616,2757,5051
423920,4,TIGER 미국필라델피아반도체레버리지(합성),73025,5,-4575,-5.9,73728.0,-42.3895,55681,4089,5024
315960,2,RISE 대형고배당10TR,75320,5,-2275,-2.93,75335.0,-23.3024,64134,4859,4971
444200,2,SOL 코리아메가테크액티브,43775,5,-1845,-4.04,43789.0,-27.0606,26249,1154,4968
435420,7,TIGER 미국나스닥100채권혼합50,13865,5,-130,-0.93,13862.0,-5.7084,88674,1230,4943
251350,4,KODEX MSCI선진국,38490,5,-330,-0.85,38490.0,-7.2072,18002,693,4927
114260,6,KODEX 국고채3년,61715,5,-75,-0.12,61757.0,0.8075,5487,338,4917
476800,7,KODEX 한국부동산리츠인프라,4240,5,-10,-0.24,4265.0,0.9228,1206785,5129,4880
499660,7,TIGER CD금리플러스액티브(합성),1000520,2,85,0.01,1000518.0,0.7598,7773,7777,4815
463250,2,TIGER K방산&우주,31965,5,-1305,-3.92,32049.0,-22.1208,260488,8329,4811
0190C0,2,RISE 현대차고정피지컬AI,7960,5,-370,-4.44,7976.0,-45.4665,639163,5105,4808
490490,7,SOL 미국배당미국채혼합50,11055,5,-20,-0.18,11033.0,-5.7018,123035,1360,4765
361580,1,RISE 200TR,59270,5,-2100,-3.42,59354.0,-23.7688,33212,1973,4712
496020,6,WON 전단채플러스액티브,52475,2,20,0.04,52467.0,0.8847,1386,72,4593
451000,6,PLUS 종합채권(AA-이상)액티브,106960,5,-230,-0.21,107021.0,-0.8877,341,36,4588
471230,6,KODEX 국고채10년액티브,103285,5,-305,-0.29,103303.0,-0.4995,11225,1159,4571
448290,4,TIGER 미국S&P500(H),17655,5,-130,-0.73,17657.0,0.6852,77116,1361,4564
473290,6,KODEX 26-12 회사채(AA-이상)액티브,10885,2,5,0.05,10883.0,0.7874,13397,145,4506
483280,4,KODEX 미국AI테크TOP10타겟커버드콜,11370,5,-145,-1.26,11365.0,-13.477,158317,1801,4503
0163Y0,1,KoAct 코스닥액티브,8750,2,5,0.06,8776.0,-26.0466,509711,4429,4476
243880,2,TIGER 200IT레버리지,306670,5,-22330,-6.79,307400.0,-62.9509,94242,29146,4370
447770,7,TIGER 테슬라채권혼합Fn,13710,5,-150,-1.08,13726.0,-6.0202,92636,1268,4367
0016X0,6,SOL 중단기회사채(A-이상)액티브,51460,5,-25,-0.05,51465.0,0.8916,532,27,4305
148070,6,KIWOOM 국고채10년,103975,5,-295,-0.28,103944.0,-0.4773,17100,1777,4220
451060,1,1Q 200액티브,33380,5,-1190,-3.44,33431.0,-24.0258,43176,1445,4206
474220,4,TIGER 미국테크TOP10타겟커버드콜,14780,5,-85,-0.57,14774.0,-10.2269,59171,875,4153
293180,1,HANARO 200,104560,5,-3625,-3.35,104706.0,-23.5721,57608,6033,4130
0162M0,6,KODEX 금융채1~2년(AA-이상)PLUS액티브,10065,2,5,0.05,10065.0,0.7511,3530,35,4129
480260,6,TIGER 27-04회사채(A+이상)액티브,53820,2,10,0.02,53809.0,0.6829,2495,134,3977
471990,2,KODEX AI반도체핵심장비,24210,2,340,1.42,24260.0,-24.4985,1153938,27631,3958
0060H0,1,TIGER 토탈월드스탁액티브,12485,5,-180,-1.42,12506.0,-7.6632,32181,402,3920
484880,2,SOL 금융지주플러스고배당,22785,5,-185,-0.81,22790.0,12.3477,642038,14790,3896
426020,4,TIME 미국S&P500액티브,31070,5,-360,-1.15,31093.0,-13.1888,48774,1516,3896
385720,1,TIME 코스피액티브,24695,5,-805,-3.16,24713.0,-25.7858,46706,1152,3828
458250,6,TIGER 미국30년국채스트립액티브(합성 H),34290,5,-5,-0.01,34430.0,-5.5755,54326,1860,3806
0023A0,4,SOL 미국양자컴퓨팅TOP10,22450,5,-825,-3.54,22484.0,-39.0707,111477,2510,3805
091180,2,KODEX 자동차,26855,5,-1390,-4.92,26847.0,-31.5687,185403,5005,3787
241180,4,TIGER 일본니케이225,33180,5,-1110,-3.24,33331.0,-9.9173,25922,862,3783
462900,2,KoAct 바이오헬스케어액티브,13920,5,-230,-1.63,13941.0,-23.4722,774969,10851,3717
0173Y0,4,KODEX 미국AI광통신네트워크,10310,5,-515,-4.76,10358.0,-25.0731,597739,6156,3696
302450,1,RISE 코스피,68390,5,-2385,-3.37,68430.0,-22.4679,144811,9907,3693
439860,6,KODEX ESG종합채권(A-이상)액티브,113555,3,0,0.0,113624.0,0.5311,0,0,3692
132030,5,KODEX 골드선물(H),24245,5,-625,-2.51,24263.0,-2.5852,144710,3500,3637
476760,6,ACE 미국30년국채액티브,8785,5,-25,-0.28,8800.0,-11.7388,449042,3949,3628
0040Y0,7,SOL 팔란티어커버드콜OTM채권혼합,8050,5,-35,-0.43,8031.0,-1.1498,258540,2083,3590
469070,2,RISE AI&로봇,10655,5,-395,-3.57,10670.0,-37.6235,177781,1896,3575
0131V0,4,1Q 미국우주항공테크,10790,5,-325,-2.92,10812.0,-31.1339,43671,472,3501
0046A0,6,TIGER 미국초단기(3개월이하)국채,9455,5,-10,-0.11,9457.0,-8.3082,519100,4913,3479
385550,6,RISE 단기채권알파액티브,114130,5,-5,0.0,114137.0,0.7343,1760,200,3479
310960,1,TIGER 200TR,60920,5,-2085,-3.31,60987.0,-23.709,142207,8707,3472
279530,2,KODEX 고배당주,17730,5,-190,-1.06,17733.0,0.3169,133391,2369,3457
0043Y0,4,TIME 차이나AI테크액티브,19645,5,-450,-2.24,19801.0,-17.5083,95073,1874,3448
439870,6,KODEX 국고채30년액티브,86430,5,-180,-0.21,86432.0,-7.3641,3369,291,3431
448300,4,TIGER 미국나스닥100(H),22580,5,-320,-1.4,22595.0,-3.6878,49000,1105,3421
0052D0,2,TIGER 코리아배당다우존스,15525,5,-145,-0.93,15532.0,-4.8309,54192,843,3400
0144L0,4,KODEX 미국성장커버드콜액티브,9300,5,-115,-1.22,9317.0,-10.9545,206094,1918,3399
453810,4,KODEX 인도Nifty50,11520,5,-175,-1.5,11571.0,-6.4282,218891,2535,3381
442570,7,RISE TDF2050액티브 적격,17200,5,-210,-1.21,17043.0,-8.2906,87803,1510,3371
0026S0,4,1Q 미국S&P500,12670,5,-110,-0.86,12666.0,-7.7533,154323,1957,3358
472170,7,TIGER 미국테크TOP10채권혼합,13775,5,-80,-0.58,13767.0,-6.6375,61514,847,3340
0167Z0,4,KODEX 미국우주항공,7270,5,-260,-3.45,7285.0,-47.9606,278638,2025,3326
456880,7,ACE 미국달러SOFR금리(합성),12025,5,-20,-0.17,12029.0,-8.1586,59404,715,3316
474590,2,WON 반도체밸류체인액티브,41900,5,-725,-1.7,41963.0,-19.8025,22113,921,3310
0080G0,2,KODEX 방산TOP10,9705,5,-410,-4.05,9720.0,-22.117,1952320,19078,3251
448630,7,RISE 삼성그룹Top3채권혼합,15240,5,-175,-1.14,15218.0,-3.2329,65336,995,3246
0182R0,2,1Q K반도체TOP2+,10050,5,-360,-3.46,10067.0,-32.3147,1220844,12312,3236
0119H0,6,KODEX 28-12 회사채(AA-이상)액티브,9920,5,-15,-0.15,9926.0,0.7606,2663,26,3208
0052S0,7,1Q 미국S&P500미국채혼합50액티브,11430,5,-50,-0.44,11419.0,-8.0275,132651,1517,3178
270810,1,RISE 코스닥150,13740,5,-140,-1.01,13774.0,-24.1945,310983,4223,3155
385510,2,KODEX 신재생에너지액티브,37515,5,-1380,-3.55,37578.0,-22.2023,46500,1754,3151
0228G0,2,ACE 반도체Plus전략산업,9635,5,-455,-4.51,9658.0,,955883,9284,3131
190620,6,ACE 단기통안채,102000,3,0,0.0,101998.0,0.681,32754,3340,3113
489030,2,PLUS 고배당주위클리커버드콜,6620,5,-10,-0.15,6625.0,0.158,466047,3091,3078
0008S0,4,TIGER 미국배당다우존스타겟데일리커버드콜,10040,5,-10,-0.1,10009.0,-1.7697,234545,2354,2987
0111P0,7,1Q 미국나스닥100미국채혼합50액티브,10620,5,-90,-0.84,10616.0,-10.0209,55450,589,2984
485540,4,KODEX 미국AI테크TOP10,14740,5,-210,-1.4,14736.0,-14.2126,81512,1204,2970
483320,4,ACE 엔비디아밸류체인액티브,23110,5,-710,-2.98,23151.0,-19.6492,454251,10530,2947
0210A0,2,ACE K반도체TOP2+,6880,5,-245,-3.44,6887.0,,2309111,15954,2945
433330,4,SOL 미국S&P500,21620,5,-190,-0.87,21619.0,-7.6746,63230,1368,2940
136340,6,RISE 중기우량회사채,104070,5,-120,-0.12,104034.0,0.6257,365,37,2895
454780,6,KIWOOM 종합채권(AA-이상)액티브,99305,5,-60,-0.06,99329.0,-1.0013,13,1,2895
091170,2,KODEX 은행,16445,5,-100,-0.6,16448.0,15.2445,1443054,24018,2886
475080,7,KODEX 테슬라커버드콜채권혼합액티브,7835,5,-60,-0.76,7835.0,-5.2685,97446,762,2864
228790,2,TIGER 화장품,4750,5,-45,-0.94,4759.0,35.8356,9588586,45712,2833
481190,4,SOL 미국테크TOP10,16465,5,-130,-0.78,16462.0,-13.2288,152728,2517,2832
453870,4,TIGER 인도니프티50,11335,5,-145,-1.26,11333.0,-7.1119,50129,570,2828
461490,7,RISE 글로벌자산배분액티브,14530,5,-130,-0.89,14539.0,-3.4256,41143,598,2804
273140,6,KODEX 단기변동금리부채권액티브,114700,2,10,0.01,114713.0,0.6036,2161,247,2800
441680,7,TIGER 미국나스닥100커버드콜(합성),10605,5,-45,-0.42,10619.0,-6.1597,76446,811,2789
0094K0,6,TIGER 28-04 회사채(A+이상)액티브,99560,5,-90,-0.09,99580.0,0.896,14860,1479,2785
307520,2,TIGER 지주회사,21985,5,-660,-2.91,22031.0,-16.898,202725,4472,2759
497880,6,SOL CD금리&머니마켓액티브,50032,2,2,0.0,50026.0,0.8724,94683,4737,2758
473330,6,SOL 미국30년국채커버드콜(합성),7855,5,-15,-0.19,7889.0,-11.2764,189563,1488,2753
475300,2,SOL 반도체전공정,21170,2,105,0.5,21204.0,-3.8567,1100570,22988,2742
0038A0,4,KODEX 미국휴머노이드로봇,14400,5,-355,-2.41,14442.0,-22.3507,33407,482,2722
364970,2,TIGER 바이오TOP10,7360,5,-60,-0.81,7373.0,-1.8519,1533917,11402,2683
0098F0,2,KODEX 원자력SMR,15145,5,-545,-3.47,15156.0,-18.7468,647203,9831,2658
471780,2,TIGER 코리아테크액티브,34355,5,-600,-1.72,34436.0,-25.9428,48103,1649,2642
213610,2,KODEX 삼성그룹밸류,21985,5,-765,-3.36,21996.0,-17.6918,16080,354,2616
196230,6,RISE 단기통안채,116920,2,10,0.01,116944.0,0.6066,1663,194,2596
472920,6,HK 종합채권(AA-이상)액티브,98065,3,0,0.0,97851.0,-1.1043,0,0,2545
123320,3,TIGER 레버리지,101025,5,-7530,-6.94,101095.0,-51.8176,115757,11785,2526
0053L0,4,TIGER 차이나휴머노이드로봇,9395,5,-150,-1.57,9412.0,-27.8517,740587,6945,2523
283580,4,KODEX 차이나CSI300,15005,5,-205,-1.35,15035.0,-11.6162,77720,1170,2491
0162Y0,1,TIME 코스닥액티브,7190,5,-80,-1.1,7213.0,-29.8263,226026,1616,2488
409820,4,KODEX 미국나스닥100레버리지(합성 H),19370,5,-570,-2.86,19406.0,-9.2606,52838,1023,2479
0183V0,7,KIWOOM 삼성전자&SK하이닉스채권혼합50,11520,5,-195,-1.66,11530.0,-11.0374,427543,4931,2442
471040,4,KoAct 글로벌AI&로봇액티브,27130,5,-1040,-3.69,27329.0,-26.0145,20717,562,2442
423170,4,SOL 글로벌AI반도체탑픽액티브,54745,5,-1665,-2.95,54751.0,-20.1331,22026,1211,2442
245710,4,ACE 베트남VN30(합성),28950,5,-150,-0.52,29300.0,-8.1005,28550,832,2432
139230,2,TIGER 200 중공업,12395,5,-655,-5.02,12400.0,-27.135,65085,813,2427
472160,4,TIGER 미국테크TOP10 INDXX(H),18635,5,-120,-0.64,18642.0,-5.445,42305,788,2395
478150,4,TIME 글로벌우주테크&방산액티브,18780,5,-320,-1.68,18730.0,-23.0305,26994,507,2385
495230,1,KoAct 코리아밸류업액티브,29865,5,-1050,-3.4,29882.0,-22.8114,18215,546,2374
452360,4,SOL 미국배당다우존스(H),13605,5,-25,-0.18,13589.0,8.0168,96337,1309,2354
483340,4,ACE 구글밸류체인액티브,20735,5,-605,-2.84,20771.0,-24.5804,69591,1445,2343
493810,4,TIGER 미국AI빅테크10타겟데일리커버드콜,11235,5,-85,-0.75,11231.0,-11.3757,74766,840,2337
421320,2,PLUS 우주항공,25255,5,-895,-3.42,25286.0,-35.2643,28670,723,2336
363570,6,KODEX 장기종합채권(AA-이상)액티브,85740,5,-320,-0.37,85917.0,-2.8285,4,0,2317
448540,7,ACE 엔비디아채권혼합,26295,5,-130,-0.49,26297.0,-1.711,27455,722,2314
329650,7,KODEX TRF3070,14015,5,-60,-0.43,14037.0,-2.6886,17451,244,2312
437080,6,KODEX 미국종합채권ESG액티브(H),96435,5,-105,-0.11,96399.0,-1.2746,1154,111,2310
363580,2,KODEX 200IT TR,53480,5,-1805,-3.26,53521.0,-28.6047,42647,2289,2300
388420,2,RISE 비메모리반도체액티브,25950,5,-475,-1.8,25982.0,-31.8308,47471,1221,2299
0182S0,7,1Q K반도체TOP2채권혼합50,12160,5,-255,-2.05,12175.0,-12.478,127292,1549,2286
0092C0,6,SOL 27-12 회사채(AA-이상)액티브,50270,2,5,0.01,50269.0,0.7718,5,0,2278
0089D0,2,KODEX 금융고배당TOP10,13450,5,-155,-1.14,13448.0,8.4577,184078,2498,2273
458260,6,TIGER 미국투자등급회사채액티브(H),46000,5,-165,-0.36,46031.0,-2.0592,2050,94,2254
157500,2,TIGER 증권,12175,5,-325,-2.6,12173.0,-28.7978,144612,1769,2223
488980,6,SOL 26-12 회사채(AA-이상)액티브,52115,2,5,0.01,52123.0,0.6956,160,8,2204
0094M0,2,RISE 코리아밸류업위클리고정커버드콜,17310,5,-520,-2.92,17313.0,-16.684,807176,14037,2198
244580,2,KODEX 바이오,8325,5,-145,-1.71,8325.0,-20.9151,392779,3292,2165
422420,2,RISE 2차전지액티브,6685,5,-280,-4.02,6681.0,-27.5325,238795,1611,2162
442320,4,RISE 글로벌원자력,34480,5,-700,-1.99,34594.0,-23.0056,6554,227,2162
305080,6,TIGER 미국채10년선물,12110,5,-20,-0.16,12087.0,-10.1482,97270,1178,2143
463050,2,TIME K바이오액티브,12440,5,-220,-1.74,12491.0,-20.2771,256507,3221,2102
414780,4,TIGER 차이나과창판STAR50(합성),13490,5,-160,-1.17,13633.0,-10.3154,50042,678,2098
0104N0,2,TIGER 200타겟위클리커버드콜,20160,5,-685,-3.29,20177.0,-23.7548,44842,905,2097
486450,4,SOL 미국AI전력인프라,18665,5,-370,-1.94,18786.0,-24.1634,24168,453,2072
490090,4,TIGER 미국AI빅테크10,15635,5,-125,-0.79,15636.0,-11.0359,121973,1910,2064
498270,4,KIWOOM 미국양자컴퓨팅,13752,5,-518,-3.63,13755.0,-22.5784,34571,477,2056
261260,7,KODEX 미국달러선물인버스2X,5440,2,20,0.37,5447.0,19.9115,239947,1300,2043
266160,2,RISE 고배당,32015,5,-1035,-3.13,32103.0,-17.4112,12405,400,2033
0233J0,7,TIGER 삼성전자SK하이닉스미국채혼합50,10150,5,-210,-2.03,10179.0,,340268,3459,2030
466930,2,SOL 자동차TOP3플러스,24450,5,-1275,-4.96,24477.0,-39.1844,148386,3660,2005
0005A0,4,KODEX 미국S&P500데일리커버드콜OTM,9245,5,-75,-0.8,9253.0,-8.5074,175233,1620,1997
0204D0,2,KODEX 현대차로보틱스밸류체인TOP3플러스,5990,5,-335,-5.3,5983.0,,768595,4632,1995
0151S0,4,KODEX 미국AI반도체TOP3플러스,14260,5,-295,-2.03,14286.0,-18.63,198695,2834,1989
332930,1,HANARO 200TR,136715,5,-4810,-3.4,137053.0,-22.6196,646,88,1982
495060,1,TIME 코리아밸류업액티브,27560,5,-735,-2.6,27602.0,-28.9963,47815,1320,1971
433500,2,ACE 원자력TOP10,52875,5,-2395,-4.33,53013.0,-24.8488,37677,2004,1956
117700,2,KODEX 건설,6405,5,-250,-3.76,6407.0,-13.0955,1065788,6822,1954
0192Z0,6,TIGER 중기종합채권(A-이상)액티브,100900,5,-30,-0.03,100876.0,0.8644,8001,807,1927
302190,6,TIGER 중장기국채,49915,5,-95,-0.19,49909.0,0.11,3738,186,1927
267770,3,TIGER 200선물레버리지,76990,5,-5595,-6.77,76858.0,-52.2354,66024,5121,1925
0047A0,4,TIGER 차이나테크TOP10,12600,5,-210,-1.64,12685.0,-17.2481,45139,572,1903
429000,4,TIGER 미국S&P500배당귀족,13335,5,-45,-0.34,13306.0,-1.3841,32753,436,1900
0091C0,6,KODEX 미국10년국채액티브(H),9525,5,-25,-0.26,9504.0,-1.2867,17978,171,1896
433980,7,KODEX TDF2040액티브 적격,15680,5,-105,-0.67,15630.0,-5.7291,30956,486,1882
0115D0,2,KODEX 조선TOP10,7290,5,-440,-5.69,7300.0,-24.2157,1263455,9327,1877
394670,4,TIGER 글로벌리튬&2차전지SOLACTIVE(합성),11120,5,-340,-2.97,11235.0,-19.8322,25835,287,1873
486830,6,HANARO 머니마켓액티브,53285,3,0,0.0,53289.0,0.7849,1441,76,1870
0082V0,7,KODEX TDF2060액티브 적격,11100,5,-90,-0.8,11051.0,-9.5138,53096,589,1848
495550,1,SOL 코리아밸류업TR,31595,5,-1195,-3.64,31624.0,-21.0926,4960,157,1833
0069M0,4,1Q 미국나스닥100,13170,5,-205,-1.53,13178.0,-11.9147,87643,1156,1831
480040,4,ACE 미국반도체데일리타겟커버드콜(합성),13805,5,-385,-2.71,13842.0,-24.6791,186262,2579,1822
483290,4,KODEX 미국배당다우존스타겟커버드콜,10330,3,0,0.0,10323.0,-0.9381,104740,1083,1808
412570,2,TIGER 2차전지TOP10레버리지,1261,5,-119,-8.62,1259.0,-41.5255,9865409,12660,1780
494330,2,ACE 라이프자산주주가치액티브,32320,5,-530,-1.61,32381.0,-1.6848,24220,784,1778
461950,2,KODEX 2차전지핵심소재10,4975,5,-250,-4.78,4977.0,-25.6307,819051,4120,1776
122090,1,PLUS 코스피50,78185,5,-2910,-3.59,78320.0,-24.3812,75099,5897,1759
0099L0,6,ACE 우량회사채(AA-이상)액티브,99565,5,-80,-0.08,99594.0,0.8654,2454,244,1756
473460,4,KODEX 미국서학개미,22825,5,-500,-2.14,22815.0,-18.2294,10143,231,1735
0040X0,7,SOL 팔란티어미국채커버드콜혼합,9390,5,-145,-1.52,9363.0,-3.1422,75450,708,1732
0005G0,2,IBK K-AI반도체코어테크,49665,5,-620,-1.23,49759.0,-34.1386,5742,284,1713
0093A0,2,RISE AI반도체TOP10,31045,5,-215,-0.69,31099.0,-21.19,65894,2023,1707
490600,4,RISE 미국배당100데일리고정커버드콜,9115,5,-5,-0.05,9103.0,-0.7866,195232,1780,1700
480020,4,ACE 미국빅테크7+데일리타겟커버드콜(합성),10260,5,-105,-1.01,10245.0,-18.1159,217767,2238,1683
332500,1,ACE 200TR,69930,5,-2680,-3.69,70220.0,-23.4436,10726,754,1678
200250,4,KIWOOM 인도Nifty50(합성),21175,5,-310,-1.44,21216.0,-6.1791,13127,278,1673
0190G0,2,KODEX 반도체타겟위클리커버드콜,8525,5,-150,-1.73,8537.0,-21.227,186293,1582,1671
237370,7,KODEX 코리아배당성장채권혼합,15730,5,-80,-0.51,15730.0,-2.3288,34759,547,1636
472870,6,RISE 미국30년국채엔화노출(합성 H),6745,5,-15,-0.22,6765.0,-12.8036,215025,1449,1636
160580,5,TIGER 구리실물,16015,5,-420,-2.56,16278.0,-3.4655,31396,504,1634
403790,1,MIDAS 코스피액티브,55690,5,-1885,-3.27,55740.0,-20.3776,1144,63,1629
233160,3,TIGER 코스닥150 레버리지,7445,5,-160,-2.1,7437.0,-51.1247,2277265,16901,1627
0051G0,4,SOL 미국원자력SMR,13045,5,-260,-1.95,13036.0,-20.4247,40625,530,1618
272560,6,RISE 단기국공채액티브,114835,5,-15,-0.01,114848.0,0.6705,1826,209,1597
494220,2,UNICORN SK하이닉스밸류체인액티브,45110,5,-845,-1.84,45259.0,-14.6691,69974,3134,1579
0064K0,5,KODEX 금액티브,12390,5,-345,-2.71,12407.0,-10.317,195535,2421,1576
480030,4,ACE 미국500데일리타겟커버드콜(합성),9835,5,-75,-0.76,9799.0,-9.7682,99224,975,1574
337160,2,KODEX 200ESG,46025,5,-1660,-3.48,46014.0,-21.6571,3854,177,1565
491610,6,1Q CD금리액티브(합성),104860,2,5,0.0,104850.0,0.7155,2565,268,1555
464240,6,KIWOOM 26-09회사채(AA-이상)액티브,52405,2,5,0.01,52419.0,0.7007,345,18,1535
143860,2,TIGER 헬스케어,37800,5,-435,-1.14,37862.0,-11.5341,26965,1027,1520
491820,2,HANARO 전력설비투자,41440,5,-1945,-4.48,41453.0,-27.5044,45210,1889,1513
0153K0,2,KODEX 주주환원고배당주,12325,5,-75,-0.6,12339.0,2.4055,200110,2476,1504
354500,1,ACE 코스닥150,13955,5,-115,-0.82,13986.0,-24.2938,281411,3895,1493
458210,7,KIWOOM CD금리액티브(합성),110605,2,15,0.01,110586.0,0.724,242,26,1485
219480,4,KODEX 미국S&P500선물(H),32905,5,-255,-0.77,32910.0,0.729,4661,153,1481
0005D0,2,SOL 전고체배터리&실리콘음극재,14590,5,-890,-5.75,14617.0,-29.6684,847586,12632,1474
152870,1,파워 200,105180,5,-3735,-3.43,105383.0,-23.8956,200,21,1473
488720,7,WON 종합채권(AA-이상)액티브,48605,3,0,0.0,48531.0,-0.8264,0,0,1466
138520,2,TIGER 삼성그룹,36080,5,-1420,-3.79,36134.0,-19.0415,15308,554,1458
0048K0,4,KODEX 차이나휴머노이드로봇,8165,5,-100,-1.21,8169.0,-23.7532,706444,5770,1445
0127M0,4,ACE 미국대형가치주액티브,12105,5,-120,-0.98,12152.0,-2.2809,85178,1032,1440
451530,6,TIGER 국고채30년스트립액티브,34270,5,-115,-0.33,34255.0,-14.8781,6342,216,1435
245340,4,TIGER 미국다우존스30,35145,5,-330,-0.93,35138.0,-4.5367,7897,277,1427
481180,4,SOL 미국AI소프트웨어,16135,5,-690,-4.1,16203.0,0.8088,109995,1776,1420
0180V0,4,ACE 미국우주테크액티브,7495,5,-265,-3.41,7514.0,-45.7533,82016,615,1409
0104H0,7,KoAct 미국나스닥채권혼합50액티브,11465,5,-190,-1.63,11499.0,-12.5329,55071,631,1404
0151P0,2,RISE 코리아전략산업액티브,13965,5,-500,-3.46,13977.0,-28.9124,71509,997,1390
0199C0,2,ACE 고배당주Plus커버드콜액티브,9230,5,-125,-1.34,9230.0,,287316,2661,1380
457990,2,PLUS 태양광&ESS,36300,5,-1925,-5.04,36312.0,-17.9634,293516,10719,1379
0131W0,6,1Q 단기특수은행채액티브,102110,3,0,0.0,102114.0,0.6952,130,13,1375
0041E0,4,KODEX 미국S&P500액티브,15695,5,-245,-1.54,15694.0,-13.4735,44781,703,1350
0193G0,1,KoAct 코스피액티브,8090,5,-285,-3.4,8103.0,-25.6877,215227,1750,1343
476450,6,KIWOOM 머니마켓액티브,52770,3,0,0.0,52773.0,0.783,2060,108,1338
0184L0,6,PLUS 중기종합채권(A-이상)액티브,100530,5,-15,-0.01,100548.0,0.7666,37,3,1332
498180,6,파워 종합채권(AA-이상)액티브,93370,3,0,0.0,93077.0,-0.839,0,0,1327
495330,1,1Q 코리아밸류업,30685,5,-1020,-3.22,30751.0,-21.5215,3984,122,1319
304660,6,KODEX 미국30년국채울트라선물(H),7210,5,-15,-0.21,7228.0,-2.8898,59999,432,1319
476030,4,SOL 미국나스닥100,16675,5,-260,-1.54,16689.0,-11.764,72086,1204,1309
271050,5,KODEX WTI원유선물인버스(H),1858,5,-98,-5.01,1851.0,-4.3521,8632185,15945,1304
471760,2,TIGER AI반도체핵심공정,14310,5,-25,-0.17,14332.0,-27.9649,624060,8853,1302
182480,7,TIGER 미국MSCI리츠(합성 H),13575,2,50,0.37,13708.0,1.0387,20042,271,1296
192090,4,TIGER 차이나CSI300,12240,5,-165,-1.33,12259.0,-12.6716,45437,557,1291
0168K0,2,TIGER 기술이전바이오액티브,6115,5,-130,-2.08,6131.0,-24.8948,1587598,9815,1291
463290,6,1Q 단기금융채액티브,109265,2,15,0.01,109258.0,0.7562,894,97,1287
461500,6,HANARO 종합채권(AA-이상)액티브,104750,5,-225,-0.21,104776.0,-0.8688,4,0,1276
139220,2,TIGER 200 건설,7445,5,-265,-3.44,7451.0,-14.5233,295068,2203,1272
0074K0,2,KoAct K수출핵심기업TOP30액티브,16695,5,-565,-3.27,16710.0,-24.1653,20897,349,1260
0123G0,4,TIGER 미국AI전력SMR,6210,5,-70,-1.11,6208.0,-27.3149,29174,181,1248
463680,4,KODEX 미국S&P500테크놀로지,21690,5,-540,-2.43,21716.0,-11.0681,76516,1658,1247
0000Y0,6,HK 26-12 회사채(AA-이상)액티브,101840,3,0,0.0,101860.0,0.6572,0,0,1232
447620,7,SOL 미국TOP5채권혼합50,15715,5,-130,-0.82,15732.0,-3.3252,18406,289,1226
114820,6,TIGER 국채3년,104935,5,-170,-0.16,104980.0,0.7476,5005,525,1226
0092B0,2,SOL 한국원자력SMR,14985,5,-435,-2.82,14987.0,-18.7138,78573,1178,1221
491230,6,PLUS 국공채머니마켓액티브,52500,5,-5,-0.01,52494.0,0.7676,1771,92,1213
0191W0,6,HANARO 중기종합채권(A-이상)액티브,100900,3,0,0.0,100852.0,0.8243,0,0,1211
411420,4,KODEX 미국나스닥AI테크액티브,25485,5,-370,-1.43,25488.0,-16.6571,3241,82,1211
448100,1,WON 200,107260,5,-3775,-3.4,107443.0,-23.6913,8695,936,1207
325010,2,KODEX 성장주,41400,5,-1360,-3.18,41380.0,-23.5952,1029,42,1201
0008T0,2,SOL 화장품TOP3플러스,19650,5,-110,-0.56,19665.0,36.8421,2193170,43225,1189
469170,2,ACE 포스코그룹포커스,5830,5,-255,-4.19,5847.0,-20.0608,506088,2967,1186
377990,2,TIGER Fn신재생에너지,23415,5,-1385,-5.58,23430.0,-25.7814,75132,1768,1182
438570,6,SOL 국고채10년,97690,5,-120,-0.12,97689.0,-0.5643,293,28,1179
399110,4,SOL 미국S&P500ESG,20615,5,-250,-1.2,20575.0,-5.8952,17291,356,1154
328370,1,PLUS 코스피TR,37115,5,-1320,-3.43,37143.0,-21.8166,265,9,1151
309230,4,ACE 미국WideMoat동일가중,30970,5,-555,-1.76,31018.0,0.4779,5150,159,1140
0122W0,6,RISE 26-11 회사채(AA-이상)액티브,50985,5,-10,-0.02,50991.0,0.7308,265,13,1139
251340,3,KODEX 코스닥150선물인버스,2465,2,15,0.61,2477.0,15.2941,56583234,139901,1131
319640,4,TIGER 골드선물(H),25410,5,-625,-2.4,25445.0,-3.1797,20580,522,1131
367770,2,RISE 수소경제테마,21740,5,-970,-4.27,21743.0,-28.0761,19424,425,1130
0181B0,4,HANARO 미국AI메모리반도체TOP4+,9185,5,-275,-2.91,9226.0,-18.2369,66021,607,1130
488500,4,TIGER 미국S&P500동일가중,12535,5,-105,-0.83,12526.0,-4.4968,22422,281,1128
0209D0,2,KODEX 전고체배터리ESS TOP2플러스,8095,5,-430,-5.04,8106.0,,810151,6621,1125
266370,2,KODEX IT,65680,5,-1605,-2.39,65761.0,-28.3669,42613,2806,1117
372330,4,KODEX 차이나항셍테크,6710,5,-140,-2.04,6726.0,-15.2442,268075,1798,1114
332940,1,HANARO MSCI Korea TR,46300,5,-1440,-3.02,46391.0,-24.2283,302,14,1111
0135Y0,6,IBK 중기종합채권(AA-이상)액티브,100320,5,-65,-0.06,100324.0,0.6618,61,6,1111
0085P0,6,ACE 미국10년국채액티브,9675,5,-30,-0.31,9671.0,-9.6949,97490,944,1103
464310,4,TIGER 글로벌AI&로보틱스 INDXX,13345,5,-315,-2.31,13327.0,-21.0405,32401,435,1101
0000J0,2,PLUS 한화그룹주,27330,5,-1285,-4.49,27446.0,-18.4874,38739,1071,1093
326240,2,RISE IT플러스,42125,5,-1305,-3.0,42179.0,-26.8055,4311,182,1087
464930,4,TIGER 글로벌혁신블루칩TOP10,20660,5,-210,-1.01,20758.0,-8.3645,4261,88,1085
455860,2,SOL 2차전지소부장Fn,4500,5,-220,-4.66,4506.0,-27.1605,390355,1783,1082
0221V0,6,IBK 초단기채권액티브,100440,2,25,0.02,100444.0,,467,46,1074
304940,4,KODEX 미국나스닥100선물(H),31930,5,-505,-1.56,31991.0,-3.7823,1145,36,1070
203780,4,TIGER 미국나스닥바이오,35865,2,450,1.27,35665.0,7.5953,22295,799,1069
0193M0,6,BNK 27-12 특수채(AAA이상)액티브,50390,3,0,0.0,50371.0,,46,2,1065
0132K0,7,PLUS 테슬라위클리커버드콜채권혼합,8055,5,-25,-0.31,7987.0,-5.4939,98428,790,1063
0091M0,6,HANARO 27-06 회사채(AA-이상)액티브,10165,3,0,0.0,10162.0,0.7932,1064,10,1060
168580,4,ACE 중국본토CSI300,33970,5,-300,-0.88,33955.0,-11.4013,5311,180,1060
0138Y0,7,PLUS 금채권혼합,9695,5,-145,-1.47,9710.0,-4.8356,274775,2663,1047
0174B0,7,KoAct 글로벌AI메모리반도체액티브,13645,5,-365,-2.61,13646.0,-21.1371,41265,560,1037
0036R0,4,RISE 미국휴머노이드로봇,18235,5,-495,-2.64,18292.0,-16.1927,19388,355,1021
465780,6,마이티 26-09 특수채(AAA)액티브,106385,3,0,0.0,106403.0,0.6813,0,0,1014
475280,6,ACE 8월만기자동연장회사채AA-이상액티브,10745,3,0,0.0,10740.0,0.9394,1977,21,1012
0137V0,4,KIWOOM 미국S&P500모멘텀,11120,5,-95,-0.85,11131.0,-12.4378,63957,712,1012
496090,1,KIWOOM 코리아밸류업,30880,5,-955,-3.0,30942.0,-21.6472,341,10,1004
0080Y0,2,SOL 조선TOP3플러스레버리지,7835,5,-1045,-11.77,7848.0,-50.9934,697111,5609,1003
394660,4,TIGER 글로벌자율주행&전기차SOLACTIVE,15240,5,-560,-3.54,15401.0,-24.0385,6261,96,1000
465610,4,ACE 미국빅테크TOP7 Plus레버리지(합성),41490,5,-910,-2.15,41455.0,-19.8412,5858,243,996
261270,7,KODEX 미국달러선물인버스,8170,2,15,0.18,8180.0,9.7577,18244,148,992
475050,2,ACE KPOP포커스,6780,5,-35,-0.51,6785.0,-16.3291,600006,4109,990
476850,1,KoAct 배당성장액티브,20725,5,-615,-2.88,20749.0,-17.5713,60708,1262,984
114100,6,RISE 국고채3년,106475,5,-160,-0.15,106499.0,0.7866,296,31,963
481430,6,RISE 국고채10년액티브,97640,5,-280,-0.29,97660.0,-0.5384,190,18,958
0176E0,4,RISE 미국AI전력인프라액티브,9090,5,-195,-2.1,9117.0,-29.068,38615,350,945
473440,6,ACE 11월만기자동연장회사채AA-이상액티브,10850,2,5,0.05,10850.0,0.762,2376,25,944
0007N0,1,아이엠에셋 200,104820,5,-3725,-3.43,104904.0,-23.6881,59,6,943
195980,4,PLUS 신흥국MSCI(합성 H),15085,5,-175,-1.15,15219.0,-2.8335,70838,1066,938
211900,2,KODEX 코리아배당성장,28280,5,-445,-1.55,28292.0,-10.7874,10941,310,933
308620,6,KODEX 미국10년국채선물,11380,5,-25,-0.22,11369.0,-9.8063,13351,152,933
0052T0,6,1Q 중단기회사채(A-이상)액티브,50715,5,-10,-0.02,50728.0,0.8248,247,12,930
433970,7,KODEX TDF2030액티브 적격,13855,5,-75,-0.54,13820.0,-4.5365,21936,304,928
0177X0,2,ACE K휴머노이드로봇산업TOP2+,8915,5,-370,-3.98,8913.0,-41.7138,157010,1405,914
468380,6,KODEX iShares미국하이일드액티브,10800,5,-55,-0.51,10740.0,-8.0404,31811,344,901
325020,2,KODEX 배당가치,28935,5,-785,-2.64,28982.0,-11.661,2321,67,897
269540,4,PLUS 미국S&P500(H),29805,5,-220,-0.73,29806.0,-0.7274,7553,225,894
0035T0,7,PLUS 글로벌휴머노이드로봇액티브,18385,5,-645,-3.39,18405.0,-29.3616,20922,385,892
298770,4,KODEX 한국대만IT프리미어,80480,5,-1380,-1.69,80083.0,-16.6048,5013,405,885
143850,4,TIGER 미국S&P500선물(H),76825,5,-590,-0.76,76841.0,0.1941,2450,188,883
0066W0,5,SOL 국제금,12515,5,-335,-2.61,12539.0,-10.7019,105483,1320,882
204480,4,TIGER 차이나CSI300레버리지(합성),23625,5,-715,-2.94,23877.0,-26.7089,2904,68,879
453080,4,KIWOOM 미국나스닥100(H),22515,5,-350,-1.53,22552.0,-4.2174,3134,70,878
0142D0,4,TIGER 미국AI데이터센터TOP4Plus,9535,5,-440,-4.41,9599.0,-31.4198,79984,764,877
444490,4,WON 미국S&P500,19860,5,-180,-0.9,19865.0,-7.9256,5628,112,874
329670,7,KODEX TRF7030,21735,5,-170,-0.78,21800.0,-5.3714,5470,119,869
454320,2,HANARO CAPEX설비투자iSelect,40345,5,-1690,-4.02,40371.0,-21.1499,2601,105,867
486240,2,DAISHIN AI반도체&인프라액티브,27890,5,-455,-1.61,28014.0,-19.1183,198,5,865
460960,7,ACE 글로벌인컴TOP10,10910,5,-80,-0.73,10894.0,-7.5584,162510,1777,862
108450,2,ACE 삼성그룹섹터가중,39090,5,-1205,-2.99,39143.0,-19.2485,13150,517,860
495040,1,PLUS 코리아밸류업,30630,5,-1010,-3.19,30693.0,-21.3475,2385,73,842
0232A0,6,MIDAS 머니마켓액티브,100050,3,0,0.0,100059.0,,201,20,840
329660,7,KODEX TRF5050,17700,5,-100,-0.56,17736.0,-3.6738,13485,238,832
453330,4,RISE 미국S&P500(H),18040,5,-150,-0.82,18043.0,1.2,21441,386,830
461460,6,PLUS 국고채10년액티브,51060,5,-150,-0.29,51068.0,-0.5825,30,1,828
0162L0,4,KODEX 차이나AI반도체TOP10,13130,5,-205,-1.54,13141.0,-15.5095,504601,6621,827
130730,6,KIWOOM 단기자금,103025,2,10,0.01,103023.0,0.6841,1654,170,824
438560,6,SOL 국고채3년,100225,5,-145,-0.14,100302.0,0.7933,264,26,821
0017Y0,6,1Q 종합채권(AA-이상)액티브,93675,5,-275,-0.29,93695.0,-0.8705,1365,127,818
479620,4,SOL 미국AI반도체칩메이커,23490,5,-510,-2.12,23556.0,-21.0007,6964,163,810
485690,4,RISE 미국AI밸류체인TOP3Plus,20980,5,-520,-2.42,21061.0,-15.5599,4257,89,808
138530,2,TIGER LG그룹플러스,12345,5,-335,-2.64,12359.0,-32.5712,45620,563,807
0018C0,2,PLUS 고배당주위클리고정커버드콜,10800,5,-135,-1.23,10801.0,-2.6473,48872,529,805
0197X0,2,SOL SK하이닉스선물단일종목인버스2X,7510,2,540,7.75,7531.0,-51.4793,10755819,80321,804
449770,4,KIWOOM 미국S&P500,20720,5,-195,-0.93,20729.0,-7.6487,3540,73,787
0098N0,2,PLUS 자사주매입고배당주,13115,5,-95,-0.72,13118.0,4.5075,54062,711,787
359210,1,KODEX 코스피TR,34205,5,-1180,-3.33,34278.0,-22.3077,4766,163,787
0057H0,7,PLUS 미국S&P500미국채혼합50액티브,11510,5,-50,-0.43,11505.0,-7.9893,56144,647,783
492500,7,1Q 현대차그룹채권(A+이상)&국고통안,51305,5,-20,-0.04,51338.0,0.6076,345,17,781
458030,6,WON 국공채머니마켓액티브,55060,2,25,0.05,55039.0,0.6768,93,5,781
0049M0,4,ACE 미국배당퀄리티+커버드콜액티브,11055,5,-100,-0.9,11056.0,-6.8266,30230,334,779
157490,2,TIGER 소프트웨어,8320,5,-255,-2.97,8336.0,-25.7576,101563,849,779
364960,2,TIGER BBIG,6505,5,-210,-3.13,6527.0,-14.3495,1867,12,777
210780,2,TIGER 코스피고배당,23505,5,-285,-1.2,23529.0,-1.4399,5159,121,776
337140,2,KODEX 코스피대형주,34845,5,-1400,-3.86,34887.0,-23.4051,11076,386,767
495750,1,HANARO 코리아밸류업,30890,5,-955,-3.0,30897.0,-20.7639,832,25,757
228810,2,TIGER 미디어컨텐츠,3090,5,-65,-2.06,3098.0,-14.2664,180663,563,750
490480,2,SOL K방산,27185,5,-1085,-3.84,27212.0,-21.7873,36783,1007,748
0080X0,7,SOL 미국S&P500미국채혼합50,10820,5,-70,-0.64,10809.0,-8.8243,20468,221,747
434960,1,DAISHIN K200,104975,5,-3740,-3.44,105151.0,-23.7329,4234,445,735
469060,4,RISE 미국반도체NYSE,32635,5,-1065,-3.16,32834.0,-18.7075,4903,160,734
365040,1,TIGER AI코리아그로스액티브,34855,5,-1405,-3.87,34855.0,-20.8557,14749,516,732
473640,4,HANARO 글로벌금채굴기업,33895,5,-1180,-3.36,34087.0,1.5636,46285,1568,729
0233A0,7,ACE 삼성전자SK하이닉스플러스채권혼합50,10210,5,-160,-1.54,10226.0,,440132,4499,725
0102A0,4,TIGER 미국AI소프트웨어TOP4Plus,8785,5,-270,-2.98,8830.0,-10.4795,34789,306,725
475310,2,SOL 반도체후공정,26285,2,220,0.84,26365.0,-21.9845,129606,3373,723
292770,6,KODEX 국채선물3년인버스,57845,2,125,0.22,57839.0,0.052,15,0,722
272910,6,ACE 중장기국공채액티브,106060,3,0,0.0,105880.0,0.4736,0,0,720
412770,4,TIGER 글로벌AI플랫폼액티브,11995,5,-390,-3.15,12124.0,-23.9485,8063,96,719
211560,2,TIGER 배당성장,35402,5,-598,-1.66,35439.0,-10.1597,8686,307,712
0022T0,4,SOL 국제금커버드콜액티브,12830,5,-375,-2.84,12839.0,-10.2415,68759,880,706
228800,2,TIGER 여행레저,2715,5,-30,-1.09,2721.0,-6.6327,129612,352,701
298340,6,PLUS 국채선물3년,56440,5,-75,-0.13,56415.0,1.1454,375,21,695
0113D0,4,TIME 글로벌탑픽액티브,11765,5,-140,-1.18,11809.0,-7.8561,11790,138,694
475350,4,RISE 버크셔포트폴리오TOP10,14420,5,-60,-0.41,14425.0,-2.4827,72695,1053,692
441540,2,HANARO Fn조선해운,25475,5,-1280,-4.78,25516.0,-18.0677,10581,271,688
266420,2,KODEX 헬스케어,17175,5,-235,-1.35,17197.0,-11.2867,11188,192,687
292190,1,KODEX KRX300,45790,5,-1905,-3.99,46108.0,-23.6783,1193,55,687
440640,6,ACE 단기채권알파액티브,112685,2,5,0.0,112693.0,0.8277,843,94,679
465330,2,RISE 2차전지TOP10,11305,5,-525,-4.44,11305.0,-19.5786,207829,2379,678
458750,4,TIGER 미국배당다우존스타겟커버드콜1호,13095,5,-20,-0.15,13075.0,-1.6944,14350,187,674
0190Y0,4,TIGER 구글밸류체인,8320,5,-140,-1.65,8291.0,-21.0962,176637,1470,674
0098Z0,1,FOCUS 200,89155,5,-3420,-3.69,89226.0,-23.2611,23,2,669
278620,6,PLUS 단기채권액티브,119065,5,-10,-0.01,119063.0,0.7999,28,3,667
0225V0,4,KODEX 미국CPU반도체TOP10,9415,5,-275,-2.84,9506.0,,87746,829,659
433880,7,PLUS TDF2060액티브 적격,18310,5,-170,-0.92,18253.0,-8.4541,10076,184,657
0198A0,2,KIWOOM 코스닥150커버드콜액티브,8595,5,-90,-1.04,8602.0,,669197,5734,653
100910,1,KIWOOM KRX100,16400,5,-620,-3.64,16438.0,-24.0729,5947,98,640
491700,1,HK 200,105995,5,-2895,-2.66,105310.0,-23.441,412,43,636
0123S0,2,HANARO 26-12 은행채(AA+이상)액티브,10195,2,5,0.05,10188.0,0.6916,138,1,632
0115E0,2,KODEX 코리아소버린AI,14350,5,-435,-2.94,14421.0,-20.9822,35226,507,631
277640,2,TIGER 코스피대형주,36070,5,-1235,-3.31,36074.0,-23.6822,13324,481,631
0210E0,2,PLUS 200커버드콜액티브,7075,5,-230,-3.15,7073.0,,231959,1646,630
419890,6,KIWOOM 단기채권ESG액티브,107540,5,-10,-0.01,107539.0,0.7258,23,2,624
455660,6,ACE 미국하이일드액티브(H),9410,5,-35,-0.37,9404.0,0.6902,15709,147,621
453950,4,TIGER TSMC파운드리밸류체인,31520,5,-750,-2.32,31298.0,-11.1142,15458,486,615
0000D0,7,TIGER 엔비디아미국채커버드콜밸런스(합성),8880,5,-50,-0.56,8893.0,-9.9018,19893,176,613
453640,4,KODEX 미국S&P500헬스케어,14145,2,40,0.28,14178.0,4.2212,25409,360,608
150460,2,TIGER 중국소비테마,7960,5,-115,-1.42,7980.0,10.6164,31722,252,602
261240,7,KODEX 미국달러선물,14135,5,-25,-0.18,14138.0,-8.1117,49488,700,596
275980,4,TIGER 글로벌4차산업혁신기술(합성 H),23475,5,-440,-1.84,23434.0,-2.9621,3959,92,596
0040S0,4,HANARO 글로벌피지컬AI액티브,23220,5,-570,-2.4,23359.0,-21.8976,9997,232,592
476750,6,ACE 미국30년국채엔화노출액티브(H),7265,5,-20,-0.27,7270.0,-12.7714,85096,617,588
479730,4,TIGER 인도빌리언컨슈머,9825,5,-205,-2.04,9783.0,-1.3353,16200,160,580
0172V0,5,1Q 은액티브,8300,5,-320,-3.71,8303.0,-19.5521,77447,641,573
261070,2,TIGER 코스닥150바이오테크,12435,5,-195,-1.54,12459.0,-22.8703,372932,4709,572
306950,3,KODEX KRX300레버리지,71150,5,-4650,-6.13,70902.0,-51.8563,996,71,569
495940,4,RISE 미국AI테크액티브,18605,5,-385,-2.03,18650.0,-21.3617,11853,220,567
0166S0,2,PLUS K제조업핵심기업액티브,10570,5,-410,-3.73,10593.0,-29.1156,15731,167,565
401470,2,KODEX 메타버스액티브,9600,5,-180,-1.84,9612.0,-16.1595,2052,19,562
225040,4,TIGER 미국S&P500레버리지(합성 H),66680,5,-1045,-1.54,66741.0,0.7512,3782,252,560
252400,3,RISE 200선물레버리지,93120,5,-6930,-6.93,93088.0,-51.9314,16847,1583,559
491220,1,PLUS 200TR,123975,5,-4280,-3.34,123984.0,-23.7236,1428,177,558
0111J0,2,HANARO 증권고배당TOP3플러스,12250,5,-390,-3.09,12282.0,-26.3055,42845,525,557
140700,2,KODEX 보험,21375,5,-460,-2.11,21366.0,15.2035,149881,3219,556
278240,3,RISE 코스닥150선물레버리지,7600,5,-155,-2.0,7583.0,-51.0726,41542,312,554
455960,6,RISE 미국달러SOFR금리액티브(합성),12035,2,40,0.33,12003.0,-7.7663,864,10,551
0141S0,2,SOL 조선기자재,8200,5,-390,-4.54,8211.0,-21.409,70732,584,545
0181L0,4,SOL 미국우주항공TOP10,6650,5,-250,-3.62,6681.0,-49.1339,54734,364,539
385590,2,ACE ESG액티브,23100,5,-690,-2.9,23117.0,-18.4017,391,9,531
0113P0,6,HK 머니마켓액티브,102420,2,15,0.01,102419.0,0.7377,5,0,531
261220,5,KODEX WTI원유선물(H),25500,2,1150,4.72,25505.0,-0.3683,147745,3790,529
0226A0,7,PLUS SK하이닉스샌디스크채권혼합50,10540,5,-155,-1.45,10641.0,,70893,748,527
0046Y0,4,ACE 미국배당퀄리티,12380,5,-95,-0.76,12380.0,-7.4461,8202,101,526
442560,7,RISE TDF2040액티브 적격,16185,5,-160,-0.98,16071.0,-7.4748,14877,240,526
0000Z0,2,RISE 바이오TOP10액티브,8870,5,-180,-1.99,8885.0,-28.6841,164114,1474,523
440910,4,WON 미국우주항공방산,23690,5,-415,-1.72,23640.0,-17.7304,3520,83,521
101280,4,KODEX 일본TOPIX100,30030,5,-725,-2.36,29890.0,-2.1712,8998,269,517
304780,3,HANARO 200선물레버리지,113920,5,-8030,-6.58,113423.0,-51.8679,3318,377,513
0118Z0,4,ACE 미국AI테크핵심산업액티브,8485,5,-220,-2.53,8485.0,-19.2112,7650,65,509
218420,4,KODEX 미국S&P500에너지(합성),20715,2,260,1.27,20634.0,4.6291,22971,475,509
114470,6,KIWOOM 국고채3년,107860,5,-150,-0.14,107883.0,0.7529,268,28,507
475260,6,ACE 2월만기자동연장회사채AA-이상액티브,10750,2,5,0.05,10749.0,0.7029,72,0,506
0139P0,2,ACE 고배당주,13670,5,-155,-1.12,13691.0,0.4118,36323,497,506
0041D0,4,KODEX 미국AI소프트웨어TOP10,13065,5,-610,-4.46,13199.0,-8.7558,19694,257,503
445150,2,KODEX 친환경조선해운액티브,27150,5,-1125,-3.98,27165.0,-19.6003,5260,143,502
336160,6,RISE 금융채액티브,100075,5,-65,-0.06,100043.0,0.6189,18,1,499
418670,4,TIGER 글로벌AI사이버보안,17100,5,-1050,-5.79,17182.0,8.4553,62597,1074,499
0185L0,4,TIME 글로벌휴머노이드로봇산업액티브,7120,5,-190,-2.6,7130.0,-31.2,27880,198,498
123310,3,TIGER 인버스,1175,2,40,3.52,1175.0,9.5559,1926213,2257,496
275300,2,KODEX 우량주,28880,5,-1030,-3.44,28921.0,-21.4221,1677,48,491
480310,4,TIGER 글로벌온디바이스AI,18475,5,-540,-2.84,18601.0,-23.837,34591,645,490
360140,2,KODEX 200롱코스닥150숏선물,22075,5,-515,-2.28,22045.0,-2.5033,13702,306,486
447430,2,ACE 주주환원가치주액티브,16245,5,-140,-0.85,16275.0,0.5291,38538,626,479
0194T0,2,ACE SK하이닉스단일종목레버리지,7895,5,-665,-7.77,7940.0,-67.8739,71513,568,472
0086B0,2,TIGER 리츠부동산인프라TOP10액티브,9530,5,-5,-0.05,9530.0,0.555,24908,238,467
316670,1,KIWOOM 코스닥150,6905,5,-65,-0.93,6913.0,-24.198,136386,936,467
253150,3,PLUS 200선물레버리지,186205,5,-13925,-6.96,186143.0,-51.7754,6090,1148,466
0132H0,4,KODEX 미국원자력SMR,8020,5,-125,-1.53,8008.0,-26.2563,18191,145,465
0118S0,4,SOL 미국넥스트테크TOP10액티브,9980,5,-360,-3.48,10030.0,-35.1521,12657,126,459
140950,1,파워 코스피100,81905,5,-2855,-3.37,81965.0,-23.9479,243,19,459
0197W0,2,SOL SK하이닉스단일종목레버리지,7770,5,-675,-7.99,7792.0,-68.0658,115590,900,458
0178H0,7,IBK 미국AI TOP10국채혼합50,9750,5,-80,-0.81,9788.0,-7.0794,3263,31,458
200030,4,KODEX 미국S&P500산업재(합성),40580,5,-680,-1.65,40738.0,-8.1683,6931,281,457
371470,4,TIGER 차이나바이오테크SOLACTIVE,8375,5,-40,-0.48,8432.0,5.849,33424,280,456
152500,3,ACE 레버리지,41260,5,-2950,-6.67,41207.0,-51.6831,38028,1574,454
256750,4,KODEX 차이나심천ChiNext(합성),14825,5,-370,-2.44,14895.0,-21.9569,2908,43,453
287180,4,PLUS 미국나스닥테크,53300,5,-1700,-3.09,53338.0,-10.3066,17712,948,453
261120,7,TIGER 미국달러선물인버스2X,5390,2,15,0.28,5406.0,19.8439,1440555,7745,453
442260,1,마이티 다이나믹퀀트액티브,36465,5,-1220,-3.24,36272.0,-23.5909,3306,120,452
196030,4,ACE 일본TOPIX레버리지(H),89590,5,-4315,-4.6,89896.0,11.5195,286,25,448
475270,6,ACE 5월만기자동연장회사채AA-이상액티브,10735,3,0,0.0,10732.0,0.7319,1013,10,448
461340,4,HANARO 글로벌생성형AI액티브,40610,5,-800,-1.93,40634.0,-16.4785,871,35,447
305050,1,ACE 코스피,68460,5,-2370,-3.35,68608.0,-22.5564,958,65,445
429760,4,PLUS 미국S&P500,19275,5,-175,-0.9,19283.0,-7.6776,2159,41,443
276990,4,KODEX 글로벌로봇(합성),25000,5,-480,-1.88,24966.0,-17.2996,2061,51,443
473590,4,ACE 미국주식베스트셀러,18015,5,-420,-2.28,18044.0,-26.6853,20609,370,441
442090,2,에셋플러스 코리아대장장이액티브,29060,5,-370,-1.26,29024.0,-20.2872,56,1,436
0020H0,4,KoAct 글로벌양자컴퓨팅액티브,20260,5,-715,-3.41,20448.0,-32.7078,8435,171,436
473490,4,KIWOOM 글로벌AI반도체,28905,5,-1100,-3.67,29051.0,-14.8429,1796,52,434
453650,4,KODEX 미국S&P500금융,19255,5,-75,-0.39,19150.0,2.6054,322557,6195,433
472830,6,RISE 미국30년국채커버드콜(합성),7785,5,-25,-0.32,7793.0,-11.9919,16222,126,432
0186S0,7,1Q 코스닥150채권혼합50액티브,8270,5,-105,-1.25,8318.0,-11.4657,257753,2138,430
401170,2,RISE 메타버스,10830,5,-225,-2.04,10821.0,-26.7639,527,5,429
0089C0,4,KODEX 미국S&P500변동성확대시커버드콜,11245,5,-70,-0.62,11251.0,-7.6981,294,3,427
375770,2,KODEX 탄소효율그린뉴딜,23690,5,-875,-3.56,23805.0,-21.594,100,2,426
0141T0,6,SOL 중기종합채권(AA-이상)액티브,50285,3,0,0.0,50245.0,0.7412,0,0,426
440650,6,ACE 미국달러단기채권액티브,11485,5,-15,-0.13,11475.0,-8.2203,63628,731,425
487130,2,KoAct AI인프라액티브,27220,5,-535,-1.93,27314.0,-27.324,6242,169,422
139280,2,TIGER 경기방어,12885,5,-160,-1.23,12898.0,0.0071,3794,48,420
238720,4,ACE 일본Nikkei225(H),46665,5,-1560,-3.23,46906.0,-0.8838,1622,76,420
0191M0,6,마이티 5월만기자동연장특수채(AAA)액티브,100720,3,0,0.0,100734.0,,0,0,417
494840,4,TIGER 미국방산TOP10,12560,5,-175,-1.37,12542.0,-6.7457,9926,124,414
292560,7,TIGER 일본엔선물,7930,5,-5,-0.06,7905.0,-9.1066,151877,1204,412
0220B0,1,DS 코스닥액티브,9625,2,130,1.37,9672.0,,252146,2390,409
476260,2,HANARO 반도체핵심공정주도주,12305,2,265,2.2,12326.0,-6.5218,129239,1550,406
0007G0,4,PLUS 글로벌원자력밸류체인,13525,5,-65,-0.48,13599.0,-17.2855,5451,73,406
0189B0,5,TIGER 은액티브,7935,5,-350,-4.22,7944.0,-19.1708,63079,500,405
139320,5,TIGER 금은선물(H),17975,5,-515,-2.79,18122.0,-4.3704,23004,412,404
183700,7,RISE 200채권혼합50,94540,5,-1485,-1.55,94347.0,-11.6042,552,52,397
428510,4,KODEX 차이나AI테크액티브,23285,5,-585,-2.45,23442.0,-20.4893,6532,153,396
322410,2,HANARO K고배당,23130,5,-230,-0.98,23152.0,-2.9418,7031,163,393
0112X0,1,마이티 200TR,39295,5,-1425,-3.5,39224.0,-23.1046,293,11,393
448570,1,FOCUS AI코리아액티브,28960,5,-1035,-3.45,29103.0,-20.3955,103,3,391
0207G0,2,SOL 우주항공밸류체인,6250,5,-175,-2.72,6262.0,,325594,2034,391
472840,1,IBK 200,103725,5,-3550,-3.31,103904.0,-23.2883,1134,118,389
0194M0,2,ACE 삼성전자단일종목레버리지,10150,5,-645,-5.97,10164.0,-60.1146,48020,486,388
0085N0,6,ACE 미국10년국채액티브(H),9690,5,-5,-0.05,9692.0,-1.2233,19184,185,388
352540,7,KODEX 일본부동산리츠(H),11275,2,75,0.67,11285.0,2.381,6628,74,383
147970,2,TIGER 모멘텀,78400,5,-2600,-3.21,78541.0,-24.0863,792,62,376
400970,2,TIGER Fn메타버스,7390,5,-225,-2.95,7412.0,-30.1056,5251,39,373
276970,4,KODEX 미국S&P500배당귀족커버드콜(합성 H),7940,5,-15,-0.19,7944.0,10.5277,8609,68,373
195930,4,TIGER 유로스탁스50(합성 H),23260,5,-350,-1.48,23435.0,6.3992,24155,563,372
491830,4,TIGER 미국AI반도체팹리스,20420,5,-530,-2.53,20506.0,-22.9499,10225,208,368
0192L0,2,RISE SK하이닉스단일종목레버리지,8040,5,-675,-7.75,8092.0,-67.4206,20934,169,366
275280,2,KODEX 모멘텀주,40645,5,-1605,-3.8,40763.0,-23.6795,8947,367,366
0209Z0,2,ACE 코리아AI전력TOP10,6775,5,-395,-5.51,6776.0,,165245,1136,362
452250,6,ACE 미국30년국채선물레버리지(합성 H),4657,5,-43,-0.91,4696.0,-7.2979,1772,8,361
104530,2,KIWOOM 코리아고배당,17590,5,-190,-1.07,17596.0,-4.1128,8224,144,361
464470,6,PLUS 미국채30년액티브,47165,5,-135,-0.29,47253.0,-11.7533,4571,215,360
365000,2,TIGER 인터넷TOP10,3520,5,-135,-3.69,3527.0,-29.7791,129855,459,357
0184E0,7,1Q 200채권혼합50액티브,10765,5,-210,-1.91,10798.0,-12.1796,94304,1022,355
0154F0,2,WON 초대형IB&금융지주,12245,5,-135,-1.09,12250.0,-5.2793,18218,224,355
449690,4,TIGER 한중반도체(합성),46915,5,-1215,-2.52,46964.0,-19.014,17,0,352
381560,2,HANARO Fn전기&수소차,17385,5,-735,-4.06,17317.0,-27.6303,1153,20,348
352560,7,KODEX 미국부동산리츠(H),12150,5,-15,-0.12,12231.0,-0.1063,6314,76,346
491090,4,KODEX 미국테크TOP3플러스,17680,5,-60,-0.34,17678.0,-10.1696,14200,251,345
450910,1,SOL 코스닥150,13450,5,-210,-1.54,13562.0,-24.3633,31774,429,344
241390,7,RISE V&S셀렉트밸류채권혼합,15650,5,-180,-1.14,15616.0,-7.7096,2080,32,344
322400,2,HANARO e커머스,10265,5,-325,-3.07,10303.0,-7.632,3968,41,344
276650,4,RISE 글로벌테크놀로지(합성 H),45690,5,-200,-0.44,45505.0,-5.9535,2371,107,343
153270,1,KIWOOM 코스피100,80495,5,-2885,-3.46,80438.0,-24.0791,1579,127,338
138910,5,KODEX 구리선물(H),9860,5,-270,-2.67,9868.0,1.7579,51342,505,335
498860,2,RISE 코리아금융고배당,16740,5,-300,-1.76,16763.0,-7.2072,6020,101,335
122260,6,KIWOOM 통안채1년,104160,3,0,0.0,104164.0,0.6911,746,77,333
385520,2,KODEX 자율주행액티브,15500,5,-685,-4.23,15558.0,-30.0562,4223,65,333
415920,5,PLUS 글로벌희토류&전략자원생산기업,7090,5,-240,-3.27,7104.0,-27.1734,42278,301,333
449780,4,KIWOOM 미국S&P500(H),18510,5,-145,-0.78,18516.0,0.3015,2705,50,333
407830,4,에셋플러스 글로벌플랫폼액티브,13875,5,-255,-1.8,13876.0,-17.5854,1114,15,333
380340,2,ACE 코리아AI테크핵심산업,27710,5,-630,-2.22,27820.0,-32.6281,8643,239,333
465350,3,RISE 2차전지TOP10인버스(합성),16340,2,490,3.09,16506.0,10.5685,103392,1683,327
099140,4,KODEX 차이나H,21065,5,-160,-0.75,21048.0,-8.1719,3272,69,327
475070,4,KoAct 글로벌친환경전력인프라액티브,28295,5,-495,-1.72,28387.0,-29.9769,2485,70,325
474800,4,KIWOOM 미국원유에너지기업,16220,2,260,1.63,16148.0,4.0828,77711,1257,324
261140,2,TIGER 우선주,24130,5,-665,-2.68,24176.0,-20.3771,7996,193,323
105780,2,RISE 5대그룹주,16165,5,-725,-4.29,16215.0,-25.9373,1455,23,323
0023B0,4,PLUS 미국양자컴퓨팅TOP10,15330,5,-435,-2.76,15292.0,-30.6118,8519,130,322
227540,2,TIGER 200 헬스케어,19510,5,-115,-0.59,19555.0,-0.9589,9226,180,320
174360,4,RISE 중국본토대형주CSI100,22840,5,-405,-1.74,22916.0,-12.7277,633,14,320
256440,4,ACE MSCI인도네시아(합성),5242,5,-23,-0.44,5261.0,-7.7934,30197,158,320
0089B0,7,PLUS 미국나스닥100미국채혼합50,11015,5,-105,-0.94,11027.0,-9.9089,4467,49,319
0138T0,4,RISE 미국S&P500데일리고정커버드콜,9370,5,-80,-0.85,9371.0,-7.8641,19225,180,319
139270,2,TIGER 200 금융,17050,5,-280,-1.62,17048.0,3.5525,20395,352,317
459560,4,KODEX 테슬라밸류체인FactSet,21140,5,-380,-1.77,21084.0,-20.8824,5914,124,317
476690,4,TIGER 글로벌비만치료제TOP2Plus,10555,2,85,0.81,10544.0,-4.2637,2282,24,317
469050,4,RISE 미국반도체NYSE(H),29960,5,-960,-3.1,30128.0,-11.0012,2909,87,315
0100K0,2,KODEX 방산TOP10레버리지,5600,5,-490,-8.05,5608.0,-47.9265,471772,2669,314
266360,2,KODEX K콘텐츠,9775,5,-285,-2.83,9802.0,-15.7807,14391,141,313
245350,4,TIGER 유로스탁스배당30,19500,5,-125,-0.64,19413.0,-0.5064,976,19,312
459750,4,RISE 글로벌주식분산액티브,17635,5,-180,-1.01,17641.0,-7.4766,3958,69,309
496770,4,PLUS 글로벌방산,17105,5,-380,-2.17,17137.0,-6.1209,6009,102,308
395290,2,HANARO Fn K-POP&미디어,4885,5,-65,-1.31,4884.0,-16.7368,63784,315,308
117460,2,KODEX 에너지화학,13715,5,-500,-3.52,13725.0,-12.201,64351,890,307
494410,4,PLUS 미국S&P500성장주,13955,5,-170,-1.2,13967.0,-9.4458,833,11,307
248270,4,TIGER S&P글로벌헬스케어(합성),26420,2,290,1.11,26505.0,1.4363,3496,92,306
426150,6,WON 대한민국국고채액티브,50885,5,-100,-0.2,50916.0,-2.5703,100,5,306
271060,5,KODEX 3대농산물선물(H),9190,5,-30,-0.33,9241.0,11.4199,103351,958,306
0192T0,2,SOL 코스닥TOP10,7105,5,-110,-1.52,7107.0,-26.1515,451814,3230,306
252710,3,TIGER 200선물인버스2X,90,2,7,8.43,89.0,0.0,112612875,9977,304
117680,2,KODEX 철강,12360,5,-405,-3.17,12393.0,-14.4876,73103,899,303
0204S0,1,TIGER 코스닥액티브,6655,2,5,0.08,6677.0,,234963,1550,301
192720,2,파워 고배당저변동성,59085,5,-915,-1.52,59101.0,0.6404,774,45,301
468630,6,KODEX iShares미국투자등급회사채액티브,10675,5,-45,-0.42,10629.0,-10.5544,19806,211,300
395170,2,KODEX Top10동일가중,14925,5,-770,-4.91,14955.0,-25.9039,9686,146,299
261250,7,KODEX 미국달러선물레버리지,15615,5,-45,-0.29,15640.0,-16.7465,29550,463,298
275290,2,KODEX 가치주,33095,5,-1045,-3.06,33187.0,-16.9691,546,18,298
476070,4,KODEX 글로벌비만치료제TOP2 Plus,10995,2,35,0.32,11013.0,-4.1585,3858,42,297
465660,4,TIGER 일본반도체FACTSET,22835,5,-795,-3.36,22971.0,-13.2467,8899,201,297
156080,1,KODEX MSCI Korea,49470,5,-1635,-3.2,49622.0,-23.9887,1157,57,297
0150K0,2,KoAct 수소전력ESS인프라액티브,10390,5,-445,-4.11,10408.0,-23.8848,34998,365,296
469790,2,KIWOOM 코리아테크TOP10,41785,5,-1120,-2.61,41897.0,-27.1918,468,19,292
0083S0,4,1Q 미국메디컬AI,10420,5,-130,-1.23,10433.0,1.2645,14949,155,292
145850,2,TREX 펀더멘탈 200,115570,5,-3795,-3.18,115690.0,-17.2282,9,1,289
289480,3,TIGER 200커버드콜,12495,5,-170,-1.34,12516.0,8.3942,35624,444,287
415340,4,KODEX 차이나과창판STAR50(합성),13835,5,-265,-1.88,13917.0,-9.1495,38657,536,286
446690,4,KODEX 아시아AI반도체exChina액티브,57275,5,-1175,-2.01,57472.0,-26.4229,4785,271,286
0203S0,7,WON 삼성전자현대차채권혼합50,8500,5,-210,-2.41,8497.0,,29598,252,285
0107F0,4,KIWOOM 미국고배당&AI테크,11160,5,-120,-1.06,11178.0,-6.6863,7593,84,285
0218J0,7,RISE 미국우주&로봇TOP2미국채혼합50,8885,5,-160,-1.77,8920.0,,77553,692,284
464920,4,PLUS 일본반도체소부장,22735,5,-755,-3.21,22977.0,-9.8273,9002,204,284
450190,4,KODEX 한중반도체(합성),47100,5,-1090,-2.26,47372.0,-18.9335,18,0,283
0155M0,4,ACE 미국SMR원자력TOP10,6685,5,-75,-1.11,6694.0,-26.4818,17956,120,281
0155N0,2,HANARO K휴머노이드테마TOP10,7195,5,-295,-3.94,7200.0,-39.791,43115,310,281
0013R0,7,RISE 테슬라미국채타겟커버드콜혼합(합성),7725,5,-105,-1.34,7697.0,-13.7774,9522,73,278
0192M0,2,RISE 삼성전자단일종목레버리지,10245,5,-705,-6.44,10277.0,-60.073,11293,115,277
223190,2,KODEX 200가치저변동,27500,5,-895,-3.15,27527.0,-17.3046,1296,35,275
479850,2,HANARO K-뷰티,19630,5,-335,-1.68,19651.0,25.5265,35939,707,275
387270,4,TIGER 글로벌이노베이션액티브,23565,5,-565,-2.34,23658.0,-22.1111,6054,143,273
475380,7,RISE 글로벌리얼티인컴,10305,5,-50,-0.48,10272.0,-8.4203,4015,41,273
489290,4,WON 미국빌리어네어,14595,5,-255,-1.72,14653.0,-11.8433,638,9,270
0049K0,7,ACE 미국배당퀄리티채권혼합50,11010,5,-70,-0.63,11016.0,-3.6848,6275,69,270
493420,4,SOL 미국배당다우존스2호,12815,5,-15,-0.12,12775.0,-1.6142,3025,38,269
494340,4,ACE 글로벌AI맞춤형반도체,17880,5,-690,-3.72,18022.0,-27.5176,5122,91,268
261060,2,TIGER 코스닥150IT,22910,5,-70,-0.3,22981.0,-18.5251,16308,369,266
253250,3,KIWOOM 200선물레버리지,91605,5,-6875,-6.98,91662.0,-51.5438,10627,988,266
440340,7,TIGER 글로벌멀티에셋TIF액티브,11805,5,-85,-0.71,11835.0,-8.5049,10553,124,266
437350,6,RISE 미국단기투자등급회사채액티브,12065,5,-15,-0.12,12062.0,-8.7958,7396,89,265
0137W0,4,KIWOOM 미국S&P500&GOLD,10205,5,-105,-1.02,10238.0,-7.8583,8060,82,265
167860,6,KIWOOM 국고채10년레버리지,91150,5,-270,-0.3,90976.0,-1.8783,4,0,264
0152E0,2,SOL 배당성향탑픽액티브,10760,5,-190,-1.74,10787.0,-2.1594,12114,130,264
0166N0,1,PLUS 코스닥150액티브,7530,5,-130,-1.7,7553.0,-24.6434,32963,246,264
459790,4,KIWOOM 미국성장기업30액티브,19470,5,-135,-0.69,19405.0,-21.4858,3631,70,263
0224X0,7,1Q 엔비디아알파벳미국채혼합50,9590,5,-110,-1.13,9566.0,,42703,409,259
0164G0,4,RISE 차이나AI반도체TOP4Plus,12235,5,-275,-2.2,12363.0,-17.7515,15940,196,257
0223R0,4,TIGER 미국테크NYSE100액티브,8825,5,-335,-3.66,8899.0,,36864,325,257
0115C0,4,RISE 미국고배당다우존스TOP10,11140,2,25,0.22,11121.0,-4.0609,7218,80,256
0047R0,4,RISE 팔란티어고정테크100,15047,5,-333,-2.17,15111.0,-5.7226,3760,56,256
0103T0,2,1Q K소버린AI,8660,5,-295,-3.29,8686.0,-28.3027,27766,240,255
245360,4,TIGER 차이나HSCEI,12150,5,-130,-1.06,12158.0,-8.2808,808,9,255
368190,2,HANARO Fn K-뉴딜디지털플러스,7930,5,-265,-3.23,7960.0,-12.0237,785,6,254
185680,4,KODEX 미국S&P바이오(합성),47655,2,85,0.18,47741.0,7.7585,1142,54,254
139250,2,TIGER 200 에너지화학,17515,5,-760,-4.16,17552.0,-9.5345,19582,347,252
277540,4,ACE 아시아TOP50,31290,5,-695,-2.17,31277.0,-14.5244,177,5,250
0097L0,7,KIWOOM 한국고배당&미국AI테크,12510,5,-180,-1.42,12508.0,-4.4222,4482,55,250
419430,4,KODEX 차이나2차전지MSCI(합성),8915,5,-295,-3.2,8945.0,-23.6319,1861,16,250
483570,4,KCGI 미국S&P500 TOP10,15515,5,-125,-0.8,15504.0,-11.2625,387,6,248
414270,4,ACE 글로벌자율주행액티브,11440,5,-290,-2.47,11455.0,-21.6433,58058,666,246
295020,6,RISE 국채선물10년인버스,61035,2,210,0.35,61007.0,1.5103,137,8,242
496120,1,ACE 코리아밸류업,32085,5,-1060,-3.2,32150.0,-19.2762,1133,36,241
0093D0,7,KoAct 팔란티어밸류체인액티브,17027,5,-683,-3.86,17110.0,-16.0863,4960,84,238
388280,2,RISE K엔터&여행레저,7170,5,-90,-1.24,7166.0,-8.1594,22103,158,238
456680,4,TIGER 차이나전기차레버리지(합성),5830,5,-320,-5.2,5884.0,-44.0401,11264,65,238
195970,4,PLUS 선진국MSCI(합성 H),16245,5,-250,-1.52,16415.0,3.1582,57377,930,237
0206G0,7,1Q 현대차기아채권혼합50,8035,5,-215,-2.61,8034.0,,228060,1834,237
292500,1,SOL KRX300,46910,5,-1850,-3.79,47171.0,-23.6694,60,2,235
225130,4,ACE 골드선물 레버리지(합성 H),46900,5,-2900,-5.82,47310.0,-7.2799,7368,344,235
442550,7,RISE TDF2030액티브 적격,14560,5,-110,-0.75,14468.0,-5.943,8193,118,233
0153X0,4,PLUS 미국고배당주액티브,11350,5,-50,-0.44,11342.0,2.7981,30140,342,233
481340,6,RISE 미국30년국채액티브,8460,5,-20,-0.24,8467.0,-12.094,52962,448,233
138230,7,KIWOOM 미국달러선물,16040,2,5,0.03,16035.0,-8.1089,2907,46,233
289250,2,TIGER MSCI KOREA ESG유니버설,33680,5,-1135,-3.26,33789.0,-22.1297,54,1,232
367740,2,HANARO Fn5G산업,42250,5,-620,-1.45,42466.0,-24.7037,232,9,232
159800,1,마이티 코스피100,82815,5,-2910,-3.39,82718.0,-23.8474,19,1,232
461450,1,KODEX 코스닥글로벌,15420,5,-295,-1.88,15469.0,-14.1492,12738,198,231
292160,1,TIGER KRX300,46220,5,-1645,-3.44,46308.0,-23.6658,1639,76,231
280930,4,KODEX 미국러셀2000(H),16500,5,-195,-1.17,16495.0,0.3305,9381,154,231
300950,2,KODEX 게임산업,5480,5,-150,-2.66,5489.0,-11.4084,42420,233,230
465670,4,TIGER 미국캐시카우100,17010,5,-125,-0.73,16908.0,4.4786,19058,324,230
411540,1,SOL 200 Top10,16345,5,-780,-4.55,16388.0,-22.58,4569,75,229
269420,4,KODEX S&P글로벌인프라(합성),21830,5,-160,-0.73,21829.0,-9.8956,4275,93,229
0198D0,2,1Q SK하이닉스선물단일종목레버리지,8150,5,-725,-8.17,8233.0,-70.278,21708,179,227
471460,6,KIWOOM 국고채30년액티브,44965,5,-135,-0.3,44965.0,-6.8718,879,39,225
204450,4,KODEX 차이나H레버리지(H),2290,5,-45,-1.93,2311.0,-2.5053,11663,26,224
364690,1,KODEX 혁신기술테마액티브,37400,5,-1305,-3.37,37521.0,-25.7527,812,30,224
477730,4,KODEX 인도타타그룹,7415,5,-85,-1.13,7404.0,-7.6193,3430,25,222
0047P0,4,RISE 테슬라고정테크100,14250,5,-285,-1.96,14273.0,-13.5807,2556,36,221
461600,6,SOL 미국30년국채액티브(H),8280,5,-15,-0.18,8284.0,-3.3217,1699,14,219
239660,6,PLUS 우량회사채50,121670,5,-25,-0.02,121685.0,0.745,11330,1378,219
0065G0,4,KODEX 차이나테크TOP10,8420,5,-170,-1.98,8528.0,-13.9205,13559,114,215
464600,2,SOL 자동차소부장Fn,22560,5,-835,-3.57,22552.0,-40.8321,6722,151,214
438320,4,TIGER 차이나항셍테크레버리지(합성 H),4945,5,-190,-3.7,5033.0,-17.7084,11940,59,214
0026E0,4,KODEX 미국S&P500버퍼3월액티브,11530,5,-60,-0.52,11635.0,-6.57,404,4,213
447660,7,PLUS 애플채권혼합,13750,2,85,0.62,13764.0,-0.9469,28755,395,213
0067V0,4,TIGER 차이나글로벌리더스TOP3+,9670,5,-185,-1.88,9793.0,-13.4388,3226,31,213
469160,4,ACE 일본반도체,23522,5,-893,-3.66,23609.0,-20.7048,6172,145,212
371450,4,TIGER 글로벌클라우드컴퓨팅INDXX,13565,5,-390,-2.79,13572.0,4.4926,2158,29,212
376410,2,TIGER 탄소효율그린뉴딜,23500,5,-915,-3.75,23578.0,-20.4617,2623,62,212
300640,2,RISE 게임테마,6505,5,-160,-2.4,6506.0,-5.6618,7935,51,211
253290,7,RISE 헬스케어채권혼합,11730,5,-35,-0.3,11756.0,-2.6002,19209,226,211
375760,2,HANARO 탄소효율그린뉴딜,23460,5,-645,-2.68,23473.0,-22.0003,56,1,211
433220,4,에셋플러스 글로벌대장장이액티브,28520,5,-620,-2.13,28566.0,-20.5562,177,5,211
0177A0,2,WON 두산그룹포커스,8375,5,-460,-5.21,8399.0,-38.9849,25620,218,209
091220,2,TIGER 은행,17150,5,-75,-0.44,17149.0,14.7112,87473,1520,209
463300,4,RISE 중국본토CSI300,13055,5,-145,-1.1,13095.0,-11.4382,3643,47,209
364990,2,TIGER 게임TOP10,4730,5,-120,-2.47,4728.0,-13.4702,43669,206,208
108590,1,TREX 200,103810,5,-3730,-3.47,103987.0,-24.0408,21,2,208
417630,2,TIGER KEDI혁신기업ESG30,19605,5,-370,-1.85,19648.0,-13.9009,441,8,206
0127R0,4,RISE 미국AI클라우드인프라,15215,5,-690,-4.34,15247.0,-20.1472,22945,348,205
226980,1,KODEX 200 중소형,22815,5,-395,-1.7,22871.0,-13.4671,26402,602,205
0186L0,4,KoAct 미국로봇피지컬AI액티브,8915,5,-315,-3.41,8928.0,-21.0099,7668,68,205
152380,6,KODEX 국채선물10년,64480,5,-195,-0.3,64505.0,-0.5,5568,358,205
217770,5,TIGER 원유선물인버스(H),1175,5,-57,-4.63,1172.0,-6.4541,1732855,2023,203
0198B0,2,1Q 삼성전자선물단일종목레버리지,10445,5,-810,-7.2,10517.0,-60.8318,10985,115,203
437070,6,KODEX 아시아달러채권ESG플러스액티브,58370,5,-105,-0.18,58367.0,-9.6757,228,13,202
169950,4,KODEX 차이나A50,25240,3,0,0.0,25390.0,-12.7701,831,20,202
337120,2,KODEX 멀티팩터,33505,5,-840,-2.45,33221.0,-22.2371,14,0,201
416090,4,ACE 중국과창판STAR50,12460,5,-330,-2.58,12555.0,-11.7018,9390,116,199
489000,6,PLUS 일본엔화초단기국채(합성),9055,5,-20,-0.22,9066.0,-8.977,43774,396,199
0231Z0,7,KODEX 코리아TDF2065액티브 적격,9860,5,-285,-2.81,9894.0,,28811,285,197
497780,4,KoAct 미국천연가스인프라액티브,10640,2,45,0.42,10616.0,-5.646,12936,137,197
304770,1,HANARO 코스닥150,13790,5,-170,-1.22,13864.0,-24.3771,13816,188,196
284980,2,RISE 200금융,22710,5,-340,-1.48,22671.0,3.5411,7621,174,195
289040,2,KODEX MSCI KOREA ESG유니버설,32420,5,-1065,-3.18,32423.0,-21.0281,58,1,195
0192S0,7,SOL 코스피200채권혼합50,9260,5,-140,-1.49,9266.0,-12.4845,103465,959,194
0234N0,2,KIWOOM 삼성SK그룹TOP4+,9720,5,-420,-4.14,9737.0,,431030,4207,194
404120,2,TIME K신재생에너지액티브,24020,5,-1030,-4.11,24042.0,-23.8602,5627,137,192
0203R0,6,WON 중단기종합채권(A-이상)액티브,50475,3,0,0.0,50475.0,,0,0,192
213630,4,PLUS 미국다우존스고배당주(합성 H),20810,5,-85,-0.41,21014.0,4.3706,3688,76,191
487950,4,KODEX 대만테크고배당다우존스,13175,5,-80,-0.6,13219.0,-9.8043,9653,127,191
379790,4,RISE 유로스탁스50(H),17265,5,-245,-1.4,17302.0,6.297,16697,287,190
0190M0,4,KIWOOM 미국AI테크하이베타,7565,5,-315,-4.0,7619.0,-32.2151,23179,175,189
0223A0,2,RISE 코스닥커버드콜액티브,10170,5,-120,-1.17,10200.0,,156105,1577,188
0104P0,2,TIGER 코리아배당다우존스위클리커버드콜,11055,5,-140,-1.25,11047.0,-4.076,20033,222,188
445910,2,TIGER MKF배당귀족,20705,5,-400,-1.9,20713.0,-6.0157,4085,85,186
404260,2,KODEX 기후변화솔루션,23180,5,-1175,-4.82,23304.0,-25.1776,1077,25,185
407310,1,HANARO 200 TOP10,16005,5,-695,-4.16,16045.0,-22.343,272,4,184
0144M0,4,KODEX 미국드론UAM TOP10,6690,5,-245,-3.53,6675.0,-32.1761,54499,364,184
228820,1,TIGER KTOP30,18295,5,-635,-3.35,18299.0,-22.5059,15208,279,183
0105D0,2,SOL 한국AI소프트웨어,9580,5,-365,-3.67,9606.0,-30.9375,36752,352,182
304760,1,HANARO KRX300,45380,5,-1280,-2.74,45412.0,-23.2643,89,4,182
229720,1,KODEX KTOP30,36220,5,-1030,-2.77,36262.0,-23.3656,1424,51,181
183710,7,RISE 주식혼합,90400,5,-2405,-2.59,90269.0,-18.6121,81,7,181
276000,4,TIGER 글로벌자원생산기업(합성 H),21160,5,-650,-2.98,21432.0,7.6239,1801,39,180
0018Z0,4,RISE 미국양자컴퓨팅,16990,5,-600,-3.41,17134.0,-24.2124,16638,283,178
445690,2,BNK 주주가치액티브,29615,5,-725,-2.39,29613.0,-16.4533,24,0,178
460660,4,RISE 미국S&P배당킹,11830,5,-65,-0.55,11791.0,0.2125,2029,24,177
449580,7,RISE 테슬라애플아마존채권혼합,16095,5,-55,-0.34,16102.0,-4.5289,25175,405,177
195920,4,TIGER 일본TOPIX(합성 H),35335,5,-600,-1.67,35304.0,6.2694,490,17,177
385600,2,ACE 2차전지&친환경차액티브,11760,5,-535,-4.35,11766.0,-30.8299,3451,40,176
461900,4,PLUS 미국테크TOP10,22005,5,-195,-0.88,21951.0,-12.5641,436,9,176
461910,4,PLUS 미국테크TOP10레버리지(합성),35180,5,-650,-1.81,35132.0,-26.2834,327,11,176
468370,6,KODEX iShares미국인플레이션국채액티브,10515,5,-10,-0.1,10522.0,-10.0145,14989,157,176
415760,4,SOL 차이나육성산업액티브(합성),12755,5,-245,-1.88,12943.0,-9.3761,50415,648,173
0086C0,7,TIGER 리츠부동산인프라10채권혼합액티브,9845,3,0,0.0,9828.0,0.1974,12706,125,172
225060,4,TIGER 이머징마켓MSCI레버리지(합성 H),16185,5,-545,-3.26,16225.0,-7.8237,476,7,172
227830,1,PLUS 코스피,68425,5,-2125,-3.01,68347.0,-22.6354,119,8,171
457690,6,KODEX 33-06 국고채액티브,10445,5,-30,-0.29,10443.0,0.1912,1565,16,169
289260,2,TIGER MSCI KOREA ESG리더스,28110,5,-1050,-3.6,28068.0,-17.4873,2147,60,169
474920,4,에셋플러스 차이나일등기업포커스10액티브,17910,5,-260,-1.43,17952.0,-6.3644,275,4,168
219390,4,RISE 미국S&P원유생산기업(합성 H),8410,2,130,1.57,8474.0,13.347,59145,497,168
483330,4,ACE 마이크로소프트밸류체인액티브,14535,5,-510,-3.39,14598.0,-10.1792,11175,162,167
477490,4,에셋플러스 글로벌일등기업포커스10액티브,18490,5,-345,-1.83,18493.0,-16.733,94,1,166
236350,4,TIGER 인도니프티50레버리지(합성),26840,5,-725,-2.63,26729.0,-15.7421,1617,43,166
250730,4,RISE 차이나HSCEI(H),9780,5,-210,-2.1,9962.0,1.4728,1239,12,166
292050,1,RISE KRX300,47505,5,-1410,-2.88,47428.0,-23.9683,1482,70,166
391670,1,HK 베스트일레븐액티브,27105,5,-870,-3.11,27114.0,-28.5624,6,0,163
332620,6,PLUS 미국장기우량회사채,86950,5,-385,-0.44,86974.0,-12.0549,218,18,163
494420,2,PLUS 미국배당증가성장주데일리커버드콜,9025,5,-75,-0.82,8990.0,-5.4899,10126,91,162
419650,4,PLUS 글로벌수소&차세대연료전지,4975,5,-80,-1.58,4930.0,-37.3606,5172,25,162
438900,2,HANARO Fn K-푸드,11975,5,-120,-0.99,11977.0,9.0638,39621,474,162
131890,2,ACE 삼성그룹동일가중,40035,5,-1340,-3.24,40138.0,-11.0694,75,3,160
0193K0,2,PLUS 삼성전자단일종목레버리지,11210,5,-615,-5.2,11198.0,-59.3852,12220,137,160
291130,4,ACE MSCI멕시코(합성),17610,5,-295,-1.65,17867.0,-10.8095,316,5,158
265690,4,ACE 러시아MSCI(합성),8535,3,0,0.0,48.0,0.0,0,0,158
432840,4,HANARO 미국S&P500,19435,5,-140,-0.72,19446.0,-7.637,406,7,155
130680,5,TIGER 원유선물Enhanced(H),7480,2,330,4.62,7484.0,0.9887,110044,828,153
453630,4,KODEX 미국S&P500필수소비재,12255,5,-5,-0.04,12322.0,-6.0935,2682,32,153
491510,2,파워 K-주주가치액티브,17965,5,-145,-0.8,18002.0,-2.1038,606,10,153
114460,6,ACE 국고채3년,100570,5,-105,-0.1,100609.0,0.7173,122,12,151
337150,2,KODEX 200exTOP,24905,5,-955,-3.69,24939.0,-16.5347,17,0,149
272570,6,RISE 중장기국공채액티브,107690,5,-155,-0.14,107696.0,0.5922,9,0,149
104520,2,KIWOOM 블루칩,14795,5,-385,-2.54,14794.0,-12.8778,62,0,148
453010,7,PLUS KOFR금리,109870,2,10,0.01,109863.0,0.6597,1041,114,147
413930,2,WON AI ESG액티브,26590,5,-1040,-3.76,26750.0,-23.5897,36,0,146
0207Z0,4,KIWOOM 미국우주데이터센터인프라,6630,5,-225,-3.28,6701.0,,18888,125,146
453820,4,KODEX 인도Nifty50레버리지(합성),11155,5,-310,-2.7,11157.0,-13.0781,1615,18,145
488290,4,MIDAS 일본테크액티브,41390,5,-1335,-3.12,41758.0,-17.8287,677,27,145
0222F0,2,마이티 AI데이터센터밸류체인,12570,5,-510,-3.9,12567.0,,2848,35,145
387280,2,TIGER 퓨처모빌리티액티브,11355,5,-480,-4.06,11377.0,-32.8702,1592,18,144
266410,2,KODEX 필수소비재,10215,5,-105,-1.02,10245.0,9.8722,26212,268,143
0090B0,2,PLUS K방산소부장,6595,5,-160,-2.37,6599.0,-34.923,35937,235,142
0013P0,4,RISE 미국은행TOP10,12685,3,0,0.0,12648.0,3.1759,6551,83,140
234310,2,RISE V&S셀렉트밸류,27845,5,-760,-2.66,27859.0,-17.2636,25,0,139
137610,5,TIGER 농산물선물Enhanced(H),6025,2,15,0.25,6021.0,12.6522,36206,219,139
244620,2,KODEX 모멘텀Plus,19770,5,-330,-1.64,19787.0,-18.0596,73,1,138
102960,2,KODEX 기계장비,13040,5,-640,-4.68,13056.0,-26.4319,4059,53,138
404650,2,SOL KRX기후변화솔루션,22965,5,-1185,-4.91,23104.0,-25.325,20,0,138
0153P0,2,ACE 리츠부동산인프라액티브,9480,2,10,0.11,9467.0,3.4668,879,8,137
0220A0,7,KIWOOM 현대차그룹TOP3채권혼합50,9115,5,-255,-2.72,9121.0,,17020,155,137
266390,2,KODEX 경기소비재,15190,5,-80,-0.52,15226.0,-22.0888,2231,33,137
0088N0,2,WON K-글로벌수급상위,10860,2,155,1.45,10899.0,-17.0156,2813,30,136
484890,6,SOL 머니마켓액티브,52535,3,0,0.0,52533.0,0.6706,6948,364,136
373490,2,KODEX 코리아혁신성장액티브,24610,5,-875,-3.43,24769.0,-28.7432,346,8,135
0216Z0,2,ACE K방산TOP5+,8195,5,-305,-3.59,8240.0,,22028,181,135
0004G0,4,1Q 미국배당TOP30,9000,5,-60,-0.66,8989.0,-2.4432,6365,57,135
0051A0,4,KoAct 브로드컴밸류체인액티브,22390,5,-570,-2.48,22559.0,-18.0,2780,62,134
0028X0,4,KODEX 미국금융테크액티브,11625,5,-295,-2.47,11644.0,2.3106,13449,156,134
496130,1,TRUSTON 코리아밸류업액티브,24715,5,-635,-2.5,24752.0,-20.5703,4,0,133
0127V0,4,KIWOOM 미국S&P500 TOP10&배당다우비중전환,10590,5,-50,-0.47,10591.0,-9.347,2212,23,132
290080,3,RISE 200고배당커버드콜ATM,7560,2,10,0.13,7549.0,30.6092,14856,112,132
485810,4,TIME 글로벌바이오액티브,11475,2,190,1.68,11398.0,5.4672,37162,424,132
0127T0,4,KIWOOM 미국S&P500&배당다우존스비중전환,10955,5,-45,-0.41,10943.0,-6.6081,2749,30,131
300610,2,TIGER K게임,5470,5,-160,-2.84,5467.0,-6.5561,16334,90,131
417450,4,RISE 글로벌수소경제,15405,5,-360,-2.28,15442.0,-30.6334,2418,37,131
189400,4,PLUS 글로벌MSCI(합성 H),25615,5,-335,-1.29,25735.0,0.6008,115,2,131
252650,1,KODEX 200동일가중,18585,5,-470,-2.47,18624.0,-10.1828,3006,55,130
360150,2,KODEX 코스닥150롱코스피200숏선물,3165,2,70,2.26,3169.0,-5.9271,51341,161,130
472720,1,TRUSTON 주주가치액티브,24855,5,-950,-3.68,24927.0,-18.2352,207,5,129
428560,4,KODEX 미국ETF산업Top10 Indxx,16150,5,-235,-1.43,16217.0,-2.3771,591,9,129
0104G0,2,PLUS K방산레버리지,5365,5,-435,-7.5,5377.0,-50.2573,49606,269,129
410870,2,TIME K컬처액티브,9850,5,-150,-1.5,9860.0,-6.2354,15730,155,128
0015F0,7,KIWOOM 팔란티어미국30년국채혼합액티브(H),10550,5,-140,-1.31,10567.0,2.321,16094,169,127
0084E0,7,KIWOOM 미국대형주500월간목표헤지액티브,10090,5,-30,-0.3,10100.0,-10.4608,30,0,126
279540,2,KODEX 최소변동성,20960,5,-480,-2.24,21007.0,-16.5521,3268,68,126
0222D0,2,KoAct 고배당액티브,10435,5,-165,-1.56,10443.0,,154545,1625,125
435040,4,ACE 글로벌브랜드TOP10,19195,5,-140,-0.72,19185.0,-6.699,74,1,125
363510,6,SOL KIS단기통안채,112170,2,20,0.02,112165.0,0.5784,4,0,125
396510,4,TIGER 차이나클린에너지SOLACTIVE,6910,5,-65,-0.93,7000.0,-27.0398,12963,89,124
489860,4,KIWOOM 글로벌전력GRID인프라,14495,5,-160,-1.09,14527.0,-15.857,2137,31,123
395760,2,PLUS ESG성장주액티브,20500,5,-715,-3.37,20607.0,-21.5277,487,10,123
435550,7,KIWOOM TDF2050액티브 적격,17532,5,-173,-0.98,17537.0,-9.5098,1864,32,123
453060,6,HANARO KOFR금리액티브(합성),111420,2,20,0.02,111419.0,0.6732,2592,288,123
251590,2,PLUS 고배당저변동50,17455,5,-245,-1.38,17476.0,2.711,2214,38,122
140580,2,RISE 우량업종대표주,24150,5,-770,-3.09,24161.0,-15.597,83,2,121
400570,4,KODEX 유럽탄소배출권선물ICE(H),11422,2,72,0.63,11492.0,4.1284,587,6,120
0208N0,1,IBK 코스피액티브,7260,5,-240,-3.2,7279.0,,298,2,120
448490,6,HANARO 32-10 국고채액티브,52525,5,-85,-0.16,52605.0,-0.7453,3,0,120
457700,6,KODEX 53-09 국고채액티브,9060,2,20,0.22,9048.0,-6.6116,320,2,120
269370,4,TIGER S&P글로벌인프라(합성),17062,2,62,0.36,16802.0,-9.0927,714,12,119
332610,6,PLUS 미국단기회사채(AAA~A),124360,5,-440,-0.35,124330.0,-8.1033,234,29,119
0000H0,2,KODEX 인도Nifty미드캡100,10300,5,-190,-1.81,10281.0,-5.9162,502,5,118
487750,2,BNK 온디바이스AI,29580,5,-525,-1.74,29769.0,-31.2201,1162,34,118
0194R0,2,KIWOOM SK하이닉스선물단일종목레버리지,7740,5,-635,-7.58,7755.0,-68.3872,21302,165,118
453660,4,KODEX 미국S&P500경기소비재,16860,5,-380,-2.2,16937.0,-12.1118,305,5,118
282000,3,RISE 국고채3년선물인버스,114935,2,205,0.18,114930.0,0.0305,7,0,117
269530,4,PLUS S&P글로벌인프라,19455,5,-220,-1.12,19587.0,-10.85,368,7,117
404540,2,TIGER KRX기후변화솔루션,23165,5,-1195,-4.91,23307.0,-25.7323,213,4,116
166400,3,TIGER 200커버드콜OTM,23150,5,-720,-3.02,23213.0,-0.169,279,6,116
409810,4,KODEX 미국나스닥100선물인버스(H),5620,2,80,1.44,5607.0,3.3582,157746,886,115
451600,6,PLUS 국고채30년액티브,83310,5,-365,-0.44,83334.0,-8.0949,26,2,114
0221Z0,2,ACE K바이오코스닥액티브,10345,5,-195,-1.85,10358.0,,6222,64,114
354240,7,RISE 미국고정배당우선증권,10340,5,-105,-1.01,10373.0,-10.8789,1972,20,114
0193L0,2,PLUS 삼성전자선물단일종목인버스2X,9935,2,650,7.0,9946.0,-29.6591,318414,3151,113
464610,2,SOL 의료기기소부장Fn,7470,5,-135,-1.78,7480.0,-12.1825,2206,16,112
430500,7,KIWOOM 물가채KIS,112030,5,-240,-0.21,111939.0,-0.6593,21,2,112
0113G0,4,KoAct 미국바이오헬스케어액티브,11650,2,95,0.82,11667.0,10.205,8233,95,111
0008E0,4,ACE 미국중심중소형제조업,11575,5,-270,-2.28,11574.0,-22.2004,831,9,110
140710,2,KODEX 운송,6440,5,-205,-3.09,6449.0,2.2912,117807,760,109
446700,2,RISE 배터리 리사이클링,10460,5,-345,-3.19,10478.0,-17.4246,3052,32,109
0002C0,4,에셋플러스 인도일등기업포커스20액티브,10060,5,-100,-0.98,10046.0,1.3466,118,1,109
407820,2,에셋플러스 코리아플랫폼액티브,6030,5,-105,-1.71,6033.0,-21.3462,194,1,109
463640,4,KODEX 미국S&P500유틸리티,13550,2,90,0.67,13474.0,-12.4438,1859,25,108
498050,2,HANARO 바이오코리아액티브,10815,5,-150,-1.37,10831.0,-19.2266,2486,27,108
385710,2,TIME K이노베이션액티브,10745,5,-285,-2.58,10761.0,-26.0477,10918,118,107
139240,2,TIGER 200 철강소재,10960,5,-310,-2.75,10993.0,-12.9394,9799,106,107
451150,4,에셋플러스 글로벌영에이지액티브,17300,5,-175,-1.0,17263.0,-9.1972,8,0,107
310080,4,RISE 중국MSCI China(H),9195,5,-125,-1.34,9235.0,-0.7983,1229,11,106
0203D0,7,PLUS 200위클리커버드콜채권혼합,8800,5,-165,-1.84,8824.0,,16436,145,106
0093B0,4,RISE 엔비디아고정테크100,12400,5,-235,-1.86,12444.0,-9.8071,1621,20,105
0068M0,4,KODEX 미국S&P500버퍼6월액티브,11690,5,-20,-0.17,11664.0,-4.3813,10,0,105
371870,4,ACE 차이나항셍테크,6575,5,-135,-2.01,6599.0,-15.7565,2130,13,105
0189Z0,2,DAISHIN 금융&지주고배당,10400,2,10,0.1,10410.0,,3154,32,104
0191S0,1,IBK 코스닥150,13920,5,-255,-1.8,13968.0,-23.3577,2044,28,103
237440,7,TIGER 경기방어채권혼합,10285,5,-45,-0.44,10341.0,1.1753,3197,33,103
419420,4,KODEX 미국클린에너지나스닥,8570,5,-235,-2.67,8669.0,-32.3879,1023,8,103
0094L0,4,RISE 차이나테크TOP10위클리타겟커버드콜,7345,5,-140,-1.87,7402.0,-14.5559,4506,33,103
280920,2,PLUS 주도업종,22805,5,-860,-3.63,22822.0,-24.7177,79,1,103
461580,1,TIGER 코스닥글로벌,15775,5,-120,-0.75,15795.0,-14.382,16292,259,103
0001P0,2,마이티 바이오시밀러&CDMO액티브,9100,5,-225,-2.41,9136.0,-13.8966,743,6,102
140570,2,RISE 수출주,25410,5,-735,-2.81,25407.0,-21.8853,216,5,102
460270,6,KIWOOM 미국달러SOFR금리액티브(합성),12470,5,-20,-0.16,12458.0,-7.9588,502,6,101
181480,7,ACE 미국부동산리츠(합성 H),83935,5,-560,-0.66,84224.0,1.1022,174,14,101
456250,4,KODEX 유럽명품TOP10 STOXX,8725,5,-235,-2.62,8728.0,-6.7039,5621,49,100
0067Y0,4,TIGER 차이나AI소프트웨어,10495,5,-475,-4.33,10607.0,-20.9939,3565,37,100
0233N0,4,RISE 글로벌AI낸드메모리반도체,9930,5,-250,-2.46,9983.0,,41549,413,99
0120J0,2,BNK 카카오그룹포커스,7930,5,-185,-2.28,7947.0,-4.8652,12234,97,99
487910,4,ACE 인도컨슈머파워액티브,8230,5,-260,-3.06,8232.0,-2.8605,483,4,99
395750,2,PLUS ESG가치주액티브,19740,5,-700,-3.42,19832.0,-23.3453,15,0,99
354350,4,HANARO 글로벌럭셔리S&P(합성),18910,5,-475,-2.45,18955.0,-9.6271,418,7,98
174350,2,TIGER 로우볼,21370,5,-90,-0.42,21415.0,5.3091,488,10,98
281990,2,RISE 중소형고배당,17785,5,-175,-0.97,17797.0,0.4405,187,3,98
252000,1,TIGER 200동일가중,19460,5,-440,-2.21,19503.0,-10.0421,195,3,97
429010,4,TIGER 미국나스닥넥스트100,19295,5,-255,-1.3,19253.0,-9.3018,93,1,96
463690,4,KODEX 미국S&P500커뮤니케이션,17520,5,-50,-0.28,17540.0,-12.6551,3295,57,96
117690,4,TIGER 차이나항셍30,19215,5,-265,-1.36,19422.0,-7.9613,358,6,96
227570,2,TIGER 우량가치,21270,5,-175,-0.82,21295.0,-3.791,10736,228,96
230480,7,KIWOOM 미국달러선물인버스2X,4725,2,20,0.43,4728.0,19.4162,607,2,95
0174R0,4,KIWOOM 미국성장다우존스,11125,5,-170,-1.51,11182.0,-8.5359,9385,104,95
266550,2,PLUS 중형주저변동50,18880,5,-255,-1.33,18797.0,3.0702,1,0,94
0226G0,2,WON 피지컬AI TOP2플러스액티브,11770,5,-415,-3.41,11789.0,,14432,171,94
482030,2,KoAct 반도체&2차전지핵심소재액티브,8890,5,-345,-3.74,8908.0,-23.8037,3837,34,93
494180,4,TIME 글로벌소비트렌드액티브,13125,5,-170,-1.28,13158.0,-7.8017,12,0,92
341850,7,TIGER 리츠부동산인프라채권,4575,5,-25,-0.54,4576.0,4.1629,13497,62,92
497510,4,ACE 글로벌빅파마,13015,2,145,1.13,13022.0,-0.2242,1063,13,91
0133E0,4,TIGER 차이나증권,8650,5,-345,-3.84,8748.0,0.7278,1683,14,91
301400,1,PLUS 코스닥150,13855,5,-230,-1.63,13991.0,-24.6187,11694,160,90
0084D0,7,KIWOOM 미국테크100월간목표헤지액티브,11210,5,-45,-0.4,11186.0,-12.2937,29,0,90
0214M0,2,MIDAS 바이오헬스케어액티브,10510,5,-140,-1.31,10580.0,,742,7,89
399580,4,RISE 글로벌클린에너지,8930,5,-65,-0.72,9001.0,-33.3252,2750,24,89
0224D0,4,KIWOOM 미국CPU반도체TOP4+,8925,5,-175,-1.92,8969.0,,2232,19,89
215620,2,HK S&P코리아로우볼,16445,5,-25,-0.15,16426.0,2.4572,949,15,89
449680,7,TIGER 한중전기차(합성),10435,5,-550,-5.01,10495.0,-27.1794,403,4,89
105010,4,TIGER 라틴35,6315,2,65,1.04,6291.0,-9.7129,8473,53,88
395150,2,KODEX 웹툰&드라마,1841,5,-55,-2.9,1847.0,-10.5661,37245,69,88
466810,2,BNK 2차전지양극재,5875,5,-225,-3.69,5867.0,-21.1887,14881,88,88
0227K0,4,RISE 미국우주위성통신,8725,5,-295,-3.27,8823.0,,31929,279,87
0184N0,7,PLUS 은채권혼합,8695,5,-180,-2.03,8711.0,-9.1142,22499,195,87
217780,4,TIGER 차이나CSI300인버스(합성),5570,2,115,2.11,5583.0,13.4095,2267,12,86
375270,7,RISE 글로벌데이터센터리츠(합성),13250,5,-170,-1.27,13288.0,-20.826,1441,19,86
371150,4,RISE 차이나항셍테크,6580,5,-90,-1.35,6580.0,-16.0116,2403,15,86
435540,7,KIWOOM TDF2040액티브 적격,17075,5,-110,-0.64,17045.0,-9.2106,245,4,85
381570,2,HANARO Fn친환경에너지,10040,5,-510,-4.83,10051.0,-21.2099,4764,48,85
0194N0,2,KIWOOM 삼성전자선물단일종목레버리지,10240,5,-695,-6.36,10234.0,-59.9167,1981,20,84
497520,4,ACE 일라이릴리밸류체인,12945,5,-15,-0.12,12960.0,1.1709,2035,26,84
270800,2,RISE KQ고배당,15185,5,-295,-1.91,15233.0,-8.0038,169,2,84
395280,2,HANARO Fn K-게임,3550,5,-100,-2.74,3553.0,-11.3002,10375,36,83
0216K0,7,KIWOOM 미국우주테크TOP2채권혼합50,8340,5,-165,-1.94,8464.0,,31660,264,83
277650,2,TIGER 코스피중형주,20800,5,-560,-2.62,20907.0,-9.4532,164,3,83
182490,6,TIGER 단기선진하이일드(합성 H),13835,5,-95,-0.68,13860.0,1.1619,196,2,83
0219B0,2,KoAct 광통신&위성네트워크액티브,10285,5,-210,-2.0,10319.0,,14031,143,82
429980,7,SOL 한국형글로벌전기차&2차전지액티브,16425,5,-550,-3.24,16493.0,-24.5221,194,3,82
225050,4,TIGER 유로스탁스레버리지(합성 H),16290,5,-280,-1.69,16347.0,11.3575,645,10,81
462340,4,에셋플러스 글로벌다이나믹시니어액티브,16280,5,-60,-0.37,16272.0,-1.7439,28,0,81
0219Z0,4,HANARO 미국S&P500액티브,10170,5,-145,-1.41,10172.0,,225,2,81
490330,4,KoAct 미국치매&뇌질환치료제액티브,14765,5,-35,-0.24,14769.0,3.5689,464,6,81
457930,2,BNK 미래전략기술액티브,26665,5,-915,-3.32,26663.0,-25.1459,121,3,80
480460,7,WON 한국부동산TOP3플러스,9400,2,10,0.11,9392.0,4.197,1746,16,80
0226D0,7,FOCUS 금융반도체지주채권혼합50액티브,9890,5,-140,-1.4,9902.0,,3405,33,79
261110,7,TIGER 미국달러선물레버리지,15670,5,-60,-0.38,15679.0,-16.5075,995,15,78
0172Y0,2,ACE K수출핵심TOP10산업액티브,9215,5,-420,-4.36,9253.0,-19.2711,5501,50,78
253280,2,RISE 헬스케어,13035,5,-170,-1.29,13068.0,-11.7018,291,3,78
487920,4,ACE 인도시장대표BIG5그룹액티브,7805,5,-115,-1.45,7803.0,-8.174,1056,8,78
227550,2,TIGER 200 산업재,11740,5,-510,-4.16,11761.0,-15.225,3260,38,77
437370,4,RISE 글로벌농업경제,10910,2,110,1.02,10895.0,-1.3325,7636,83,76
435530,7,KIWOOM TDF2030액티브 적격,15165,5,-80,-0.52,15146.0,-8.9332,288,4,76
225800,7,KIWOOM 미국달러선물레버리지,14785,5,-15,-0.1,14758.0,-16.4314,336,4,75
438740,2,MIDAS 중소형액티브,33370,5,-625,-1.84,33402.0,-15.8436,8,0,75
285690,2,FOCUS ESG리더스,21340,5,-715,-3.24,21354.0,-15.4495,2,0,75
304670,6,KODEX 미국30년국채울트라선물인버스(H),12430,2,10,0.08,12439.0,3.6727,665,8,75
494210,4,SOL 미국500타겟데일리커버드콜액티브,10645,5,-85,-0.79,10640.0,-7.8736,1758,18,75
0229F0,2,마이티 신약포커스바이오액티브,9285,5,-110,-1.17,9279.0,,194072,1822,74
139660,7,KIWOOM 미국달러선물인버스,8475,2,5,0.06,8480.0,10.5744,259,2,74
0094X0,4,1Q 샤오미밸류체인액티브,8185,5,-120,-1.44,8247.0,-15.0683,2929,23,74
402460,2,HANARO Fn K-메타버스MZ,14670,5,-375,-2.49,14696.0,-26.6858,80,1,73
450180,7,KODEX 한중전기차(합성),11285,3,0,0.0,10778.0,-26.9343,0,0,73
326230,2,RISE 내수주플러스,11435,5,-160,-1.38,11439.0,-16.2514,13,0,73
176950,6,KODEX 국채선물10년인버스,60770,2,135,0.22,60805.0,1.4896,1628,98,73
368680,2,KODEX K-뉴딜디지털플러스,8025,5,-195,-2.37,8019.0,-12.3973,201,1,72
0082F0,4,HANARO 유럽방산,10270,5,-300,-2.84,10249.0,-6.4188,158,1,72
0215T0,4,HANARO 미국AI광통신TOP10,7955,5,-415,-4.96,8023.0,,9714,77,72
256450,4,PLUS 심천차이넥스트(합성),14290,5,-355,-2.42,14533.0,-22.5952,264,3,71
0218K0,2,BNK 스마트카,10195,5,-460,-4.32,10262.0,,22,0,71
0005C0,6,RISE 미국S&P500엔화노출(합성 H),10975,5,-220,-1.97,10996.0,-8.0871,1257,13,71
488480,4,RISE 일본섹터TOP4Plus,12920,5,-370,-2.78,12991.0,-4.5782,857,11,71
315270,2,TIGER 200커뮤니케이션서비스,19735,5,-485,-2.4,19721.0,-12.9558,1940,38,71
429740,7,PLUS K리츠,6115,5,-30,-0.49,6110.0,3.0143,6991,42,70
244670,2,KODEX 밸류Plus,11690,5,-230,-1.93,11719.0,1.8335,201,2,70
0036Z0,4,RISE 미국천연가스밸류체인,12730,2,195,1.56,12671.0,-3.3376,15614,198,70
400590,4,SOL 글로벌탄소배출권선물ICE(합성),13990,5,-55,-0.39,14057.0,-6.9868,21,0,70
139290,2,TIGER 200 경기소비재,24675,5,-965,-3.76,24658.0,-28.3999,680,16,69
0176P0,2,FOCUS AI반도체위클리고정커버드콜,12400,5,-55,-0.44,12461.0,-22.6259,3358,41,68
0166T0,4,PLUS 글로벌저작권핵심기업액티브,9690,5,-60,-0.62,9688.0,-6.3401,21,0,68
238670,7,PLUS 스마트베타Quality채권혼합,13565,3,0,0.0,13463.0,0.2216,2605,35,68
0047N0,4,PLUS 차이나AI테크TOP10,9530,5,-235,-2.41,9579.0,-14.6417,2177,20,67
250780,3,TIGER 코스닥150선물인버스,2490,2,35,1.43,2482.0,15.8018,735128,1825,66
0138D0,2,RISE 동학개미,11925,5,-405,-3.28,12015.0,-29.6032,923,11,66
456200,6,PLUS 미국달러SOFR금리액티브(합성),59510,2,135,0.23,59341.0,-8.8712,114,6,65
138920,5,KODEX 콩선물(H),12860,2,25,0.19,12883.0,6.9583,1336,17,64
316300,7,ACE 싱가포르리츠,12720,5,-150,-1.17,12769.0,-9.2358,674,8,64
474390,6,SOL 국고채30년액티브,40135,5,-55,-0.14,40130.0,-7.3216,163,6,62
307510,2,TIGER 의료기기,12355,5,-235,-1.87,12408.0,-17.0546,3752,46,62
291890,4,KODEX MSCI EM선물(H),12265,5,-180,-1.45,12231.0,-3.5272,63,0,61
469530,3,RISE 미국달러선물인버스,9485,2,25,0.26,9495.0,9.4907,2152,20,61
0184V0,2,UNICORN K바이오액티브,5755,5,-125,-2.13,5761.0,-31.8261,16466,95,60
289670,6,PLUS 국채선물10년,51690,5,-145,-0.28,51731.0,-0.585,2604,134,60
0114X0,4,RISE 글로벌게임테크TOP3Plus,8500,5,-160,-1.85,8373.0,-2.642,62185,527,60
0087F0,4,ACE 차이나AI빅테크TOP2+액티브,11845,5,-225,-1.86,11951.0,-11.8979,3180,37,59
451670,6,RISE 국채30년레버리지(합성),11830,5,-135,-1.13,11849.0,-16.2995,6,0,59
314700,2,HANARO 농업융복합산업,10680,5,-225,-2.06,10772.0,-13.3204,320,3,59
400580,4,SOL 유럽탄소배출권선물S&P(H),11690,2,30,0.26,11792.0,3.3229,825,9,58
407300,2,HANARO Fn골프테마,10455,5,-120,-1.13,10317.0,-18.2877,1,0,58
0053M0,2,더제이 중소형포커스액티브,12775,5,-460,-3.48,12811.0,-12.438,2254,29,57
0191B0,1,MIDAS 코스닥액티브,28500,5,-145,-0.51,28748.0,-21.7243,429,12,57
401590,4,HANARO 글로벌탄소배출권선물ICE(합성),11130,2,20,0.18,11222.0,-8.4467,2136,23,57
433250,1,UNICORN R&D 액티브,22685,5,-805,-3.43,22656.0,-27.4216,17,0,57
219900,4,ACE 중국본토CSI300레버리지(합성),4030,5,-115,-2.77,4093.0,-26.3766,1705,6,56
488200,2,KIWOOM K-2차전지북미공급망,12485,5,-555,-4.26,12517.0,-30.2298,4194,52,56
483020,2,KIWOOM 의료AI,9287,5,-208,-2.19,9309.0,-12.85,440,4,56
267450,6,RISE 미국장기국채선물인버스(H),11130,2,15,0.13,11182.0,2.3009,58,0,56
0102X0,4,ACE 유럽방산TOP10,9210,5,-205,-2.18,9213.0,-9.5306,629,5,55
432600,6,RISE 국채선물3년,55250,5,-30,-0.05,55225.0,0.9311,2,0,55
470310,2,UNICORN 생성형AI강소기업액티브,18290,5,-530,-2.82,18325.0,-0.6336,560,10,55
390400,4,KODEX 미국스마트모빌리티S&P,6850,5,-140,-2.0,6865.0,-24.7377,386,2,55
220130,4,SOL 차이나강소기업CSI500(합성 H),6775,5,-95,-1.38,6817.0,-3.0346,10274,70,54
476310,4,RISE 글로벌비만산업TOP2+,9840,2,110,1.13,9911.0,-5.496,166,1,54
0132D0,7,KoAct 글로벌K컬처밸류체인액티브,9775,5,-120,-1.21,9875.0,6.2835,1461,14,54
483030,4,KIWOOM 미국블록버스터바이오테크의약품+,11940,2,25,0.21,12014.0,2.0362,2359,28,54
499150,4,SOL 미국S&P500엔화노출(H),10680,5,-115,-1.07,10609.0,-8.1897,5267,56,53
321410,7,KODEX 멀티에셋하이인컴(H),10625,5,-35,-0.33,10599.0,0.2425,3,0,53
413220,4,SOL 차이나태양광CSI(합성),4385,5,-60,-1.35,4447.0,-30.6553,761,3,53
0174J0,7,DAISHIN 오피스리츠플러스,8725,5,-5,-0.06,8741.0,3.2332,19,0,52
0015E0,7,KIWOOM 엔비디아미국30년국채혼합액티브(H),10440,5,-80,-0.76,10482.0,-1.9492,1068,11,52
295000,6,RISE 국채선물10년,51035,5,-125,-0.24,51048.0,-0.6023,29,1,51
411860,4,KIWOOM 독일DAX,16735,5,-275,-1.62,16846.0,-5.684,815,13,50
498610,4,RISE 인도디지털성장,8255,5,-110,-1.32,8241.0,-1.9933,47,0,50
291630,3,KIWOOM 코스닥150선물레버리지,3380,5,-80,-2.31,3395.0,-51.2677,49117,164,49
0073X0,5,FOCUS 알리바바미국채커버드콜혼합,8800,5,-10,-0.11,8807.0,-12.8395,137,1,48
0154H0,4,KoAct 차이나바이오헬스케어액티브,8775,5,-15,-0.17,8815.0,7.7866,6594,57,48
267440,6,RISE 미국장기국채선물(H),8000,2,5,0.06,8039.0,-2.0221,31,0,48
244660,2,KODEX 퀄리티Plus,9555,5,-85,-0.88,9560.0,0.4399,6,0,48
227560,2,TIGER 200 생활소비재,13235,5,-175,-1.3,13251.0,3.8061,2947,39,48
0015K0,4,TIGER 미국소비트렌드액티브,6952,5,-88,-1.25,6940.0,-10.5464,279,1,47
0128D0,4,PLUS 차이나항셍테크위클리타겟커버드콜,6675,5,-125,-1.84,6713.0,-14.4549,1765,11,47
0078V0,4,PLUS 미국로보택시,9250,5,-190,-2.01,9270.0,-20.2703,2749,25,46
391600,4,ACE 미국친환경그린테마,10155,5,-10,-0.1,10167.0,-26.0728,82,0,46
488210,2,KIWOOM K-반도체북미공급망,22290,2,265,1.2,22345.0,-18.0163,1350,29,45
205720,4,ACE 일본TOPIX인버스(합성 H),1459,2,21,1.46,1456.0,-5.705,2450,3,44
373790,4,KIWOOM 미국방어배당성장나스닥,15600,5,-85,-0.54,15549.0,-2.6186,247,3,44
243890,2,TIGER 200에너지화학레버리지,8260,5,-740,-8.22,8260.0,-28.5147,16189,136,43
252420,3,RISE 200선물인버스2X,86,2,4,4.88,87.0,2.5,2473878,213,43
226380,2,ACE Fn성장소비주도주,6055,5,-90,-1.46,6052.0,0.1629,1303,7,42
0050E0,4,PLUS 미국AI에이전트,8410,5,-340,-3.89,8488.0,-9.0437,7736,65,42
0131A0,4,SOL 차이나소비트렌드,7570,5,-220,-2.82,7721.0,-20.994,11833,89,42
291680,4,RISE 차이나H선물인버스(H),7810,2,150,1.96,7824.0,-3.038,26,0,39
334690,5,RISE 팔라듐선물(H),5890,5,-255,-4.15,5886.0,-2.8459,3402,19,38
225030,4,TIGER 미국S&P500선물인버스(H),2275,2,20,0.89,2269.0,-0.4416,20813,47,38
427120,2,RISE AI플랫폼,5235,5,-175,-3.23,5262.0,-16.059,8686,45,36
0079X0,4,ACE BYD밸류체인액티브,9860,5,-315,-3.1,9879.0,-15.6302,2766,27,35
267490,6,RISE 미국장기국채선물레버리지(합성 H),4900,5,-85,-1.71,4968.0,-5.138,30,0,34
454180,4,KIWOOM 차이나내수소비TOP CSI,7530,5,-75,-0.99,7562.0,-9.245,258,1,30
145670,3,ACE 인버스,1343,2,45,3.47,1345.0,11.993,61212,82,30
306530,3,HANARO 코스닥150선물레버리지,6710,5,-195,-2.82,6762.0,-51.4587,5934,40,30
280940,5,KODEX 골드선물인버스(H),3480,2,100,2.96,3472.0,-1.3139,3424,11,28
476000,2,UNICORN 포스트IPO액티브,5025,5,-80,-1.57,5019.0,-37.9332,10172,51,28
252410,3,RISE 200선물인버스,1369,2,47,3.56,1368.0,12.6064,13961,19,27
491630,4,RISE 미국반도체인버스(합성 H),5635,2,130,2.36,5603.0,2.2284,37746,213,27
253230,3,KIWOOM 200선물인버스2X,83,2,6,7.79,83.0,-2.5317,1707100,138,25
291620,3,KIWOOM 코스닥150선물인버스,4395,2,45,1.03,4395.0,15.0793,16619,73,25
275750,3,RISE 코스닥150선물인버스,2515,2,30,1.21,2513.0,14.2528,108160,273,24
334700,5,RISE 팔라듐선물인버스(H),3370,2,145,4.5,3351.0,-2.8615,885,2,22
280320,4,ACE 미국IT인터넷(합성 H),21320,5,-390,-1.8,21520.0,1.7815,69,1,21
253240,3,KIWOOM 200선물인버스,1369,2,50,3.79,1369.0,11.308,35515,48,17
306520,3,HANARO 200선물인버스,2495,2,80,3.31,2492.0,11.8055,1577,3,15
253160,3,PLUS 200선물인버스2X,168,2,12,7.69,168.0,-7.1429,629060,104,14
412560,2,TIGER BBIG레버리지,1752,5,-106,-5.71,1760.0,-32.6812,6961,12,12
261920,4,ACE MSCI필리핀(합성),12040,5,-110,-0.91,12102.0,-6.3584,69,0,12
465620,4,ACE 미국빅테크TOP7 Plus인버스(합성),6530,2,55,0.85,6543.0,7.5581,53,0,7
