itemcode,etfTabCode,itemname,nowVal,risefall,changeVal,changeRate,nav,threeMonthEarnRate,quant,amonut,marketSum
069500,1,KODEX 200,108535,2,395,0.37,108848.0,12.0718,17262528,1948306,244367
360750,4,TIGER 미국S&P500,27530,2,160,0.58,27598.0,5.4697,34553797,953173,201162
133690,4,TIGER 미국나스닥100,189675,2,765,0.4,191240.0,8.8,1788014,340965,113502
379800,4,KODEX 미국S&P500,25100,2,150,0.6,25162.0,5.4477,31373760,789042,100651
102110,1,TIGER 200,108720,2,610,0.56,108908.0,11.9017,2695184,303928,100349
396500,2,TIGER 반도체TOP10,36695,5,-365,-0.98,36748.0,-0.7749,16582089,639830,95664
379810,4,KODEX 미국나스닥100,28410,2,115,0.41,28637.0,8.8835,4743588,135444,89520
488770,7,KODEX 머니마켓액티브,104990,2,5,0.0,105001.0,0.8162,643893,67603,77002
278530,1,KODEX 200TR,39265,2,260,0.67,39340.0,11.7141,2103081,85829,75507
459580,6,KODEX CD금리액티브(합성),1075265,2,85,0.01,1075301.0,0.7088,332173,357173,67820
381180,4,TIGER 미국필라델피아반도체나스닥,46620,2,110,0.24,47719.0,24.9821,1979101,94052,62447
122630,3,KODEX 레버리지,119050,2,985,0.83,119207.0,9.0468,13264051,1705915,60061
0167A0,2,SOL AI반도체TOP2플러스,18130,5,-170,-0.93,18183.0,38.5314,20396387,389148,58379
498400,2,KODEX 200타겟위클리커버드콜,20810,2,125,0.6,20865.0,9.7981,5744927,124343,56249
091160,2,KODEX 반도체,126935,5,-1090,-0.85,127289.0,10.7874,1411300,188406,55788
310970,1,TIGER MSCI Korea TR,48535,2,220,0.46,48588.0,13.9504,11354,574,44070
148020,1,RISE 200,109340,2,365,0.33,109550.0,12.0025,818226,93101,43736
458730,4,TIGER 미국배당다우존스,15450,2,90,0.59,15420.0,6.6204,1531541,23644,41391
360200,4,ACE 미국S&P500,27830,2,175,0.63,27898.0,5.4105,500837,13961,41161
0162Z0,7,RISE 삼성전자SK하이닉스채권혼합50,13400,5,-10,-0.07,13420.0,19.5167,10061611,138139,41111
395160,2,KODEX AI반도체TOP2플러스,40985,5,-180,-0.44,41068.0,32.2884,6620684,286584,40165
229200,1,KODEX 코스닥150,12560,5,-90,-0.71,12608.0,-36.3543,22014281,286334,40142
411060,5,ACE KRX금현물,27155,2,520,1.95,27356.0,-15.5785,579077,15723,40108
381170,4,TIGER 미국테크TOP10 INDXX,32215,2,130,0.41,32338.0,1.2943,423561,13672,39302
395270,2,HANARO Fn K-반도체,57860,5,-325,-0.56,57973.0,34.3148,1597013,97620,36857
273130,6,KODEX 종합채권(AA-이상)액티브,109120,5,-320,-0.29,109281.0,-3.7341,36410,3976,36805
367380,4,ACE 미국나스닥100,32610,2,135,0.42,32871.0,8.8089,474395,15557,36067
357870,6,TIGER CD금리투자KIS(합성),57785,3,0,0.0,57789.0,0.7058,249457,14415,35908
0193T0,2,KODEX SK하이닉스단일종목레버리지,14210,5,-195,-1.35,14267.0,,254580764,4051074,35738
423160,6,KODEX KOFR금리액티브(합성),110815,2,5,0.0,110813.0,0.6523,62868,6966,35738
102780,2,KODEX 삼성그룹,25130,2,275,1.11,25148.0,11.7629,890122,23121,33021
0043B0,6,TIGER 머니마켓액티브,103090,2,15,0.01,103085.0,0.8167,96543,9952,29464
487240,2,KODEX AI전력핵심설비,33980,2,880,2.66,34036.0,-14.2872,2594551,90650,28917
455890,6,RISE 머니마켓액티브,55260,3,0,0.0,55261.0,0.7658,249556,13790,27134
139260,2,TIGER 200 IT,138995,5,-1075,-0.77,139186.0,31.9561,420253,61864,27048
481050,6,KODEX CD1년금리플러스액티브(합성),1023377,2,92,0.01,1023388.0,0.7282,13350,13662,26761
233740,3,KODEX 코스닥150레버리지,5965,5,-95,-1.57,5968.0,-63.6691,78216857,499238,25793
426030,4,TIME 미국나스닥100액티브,49140,2,745,1.54,50034.0,8.0848,591705,29665,25356
278540,1,KODEX MSCI Korea TR,38685,2,240,0.62,38684.0,13.5578,43031,1720,23598
449170,6,TIGER KOFR금리액티브(합성),111400,2,10,0.01,111397.0,0.6323,84804,9446,23576
161510,2,PLUS 고배당주,24800,2,150,0.61,24811.0,-9.5991,677265,16987,23295
456600,4,TIME 글로벌AI인공지능액티브,61475,2,585,0.96,62374.0,18.9722,280820,17600,23078
0193W0,2,KODEX 삼성전자단일종목레버리지,13640,2,90,0.66,13685.0,,67866896,991916,22363
0195S0,2,TIGER SK하이닉스단일종목레버리지,12005,5,-80,-0.66,12028.0,,116510311,1576547,22218
486290,4,TIGER 미국나스닥100타겟데일리커버드콜,11325,2,25,0.22,11411.0,8.2961,1627643,18538,21937
472150,2,TIGER 배당커버드콜액티브,21185,2,95,0.45,21197.0,12.4532,4648906,102225,21541
284430,6,KODEX 200미국채혼합50,21460,2,75,0.35,21474.0,2.9648,847931,18587,21237
385540,6,RISE 종합채권(A-이상)액티브,102185,5,-320,-0.31,102186.0,-3.6653,3416,349,21165
292150,2,TIGER 코리아TOP10,38230,2,160,0.42,38262.0,11.9922,555096,22040,20568
214980,6,KODEX 단기채권PLUS,114480,2,15,0.01,114508.0,0.4897,30067,3441,18952
442580,4,PLUS 글로벌HBM반도체,107005,2,1085,1.02,108695.0,48.0348,693102,77297,18223
294400,1,KIWOOM 200TR,142250,2,435,0.31,142524.0,12.12,136675,20259,18208
105190,1,ACE 200,108800,2,625,0.58,109040.0,11.5139,288764,32734,17952
487230,4,KODEX 미국AI전력핵심인프라,23025,2,485,2.15,23216.0,-4.4557,721381,16783,17223
446770,4,ACE 글로벌반도체TOP4 Plus,83000,5,-300,-0.36,84288.0,25.4494,285405,24337,17015
441640,4,KODEX 미국배당커버드콜액티브,13110,2,50,0.38,13134.0,2.7532,730230,9583,16748
368590,4,RISE 미국나스닥100,31585,2,135,0.43,31837.0,8.9133,608741,19340,15698
379780,4,RISE 미국S&P500,24010,2,165,0.69,24064.0,5.5566,198909,4784,15510
453850,6,ACE 미국30년국채액티브(H),7285,5,-30,-0.41,7290.0,-2.334,725416,5284,15415
475630,7,TIGER CD1년금리액티브(합성),1072125,2,90,0.01,1072123.0,0.7343,21111,22633,15062
477080,6,RISE CD금리액티브(합성),107105,2,5,0.0,107111.0,0.7004,1939,207,14984
466920,2,SOL 조선TOP3플러스,27730,2,750,2.78,27859.0,-28.8029,1316820,37009,14946
329200,2,TIGER 리츠부동산인프라,4015,2,5,0.12,3990.0,-15.5969,2290394,9205,14747
0177N0,7,KODEX 삼성전자SK하이닉스채권혼합50,14120,5,-5,-0.04,14135.0,18.751,5245591,75901,14628
305720,2,KODEX 2차전지산업,12885,2,95,0.74,12873.0,-39.5137,1709791,22536,14483
152100,1,PLUS 200,110235,2,640,0.58,110452.0,11.7364,134049,15336,14441
315930,2,KODEX Top5PlusTR,82155,2,655,0.8,82279.0,17.1481,37789,3203,14295
390390,4,KODEX 미국반도체,57610,2,65,0.11,58938.0,23.0649,521236,30560,13711
091230,2,TIGER 반도체,133755,5,-765,-0.57,133955.0,10.4381,263916,37149,13643
436140,6,SOL 종합채권(AA-이상)액티브,105475,5,-290,-0.27,105514.0,-3.6135,71,7,13458
157450,6,TIGER 단기통안채,112205,2,10,0.01,112215.0,0.5782,14447,1621,12978
448330,1,KODEX 삼성전자채권혼합,17065,5,-15,-0.09,17122.0,6.9659,704460,12181,12679
438080,7,ACE 미국S&P500미국채혼합50액티브,14840,2,75,0.51,14838.0,3.0715,432168,6423,12406
497570,4,TIGER 미국필라델피아AI반도체나스닥,23315,2,15,0.06,23842.0,19.2985,1047724,24865,12112
0195R0,2,TIGER 삼성전자단일종목레버리지,12515,2,105,0.85,12579.0,,45847364,615271,12021
0072R0,5,TIGER KRX금현물,12985,2,205,1.6,13072.0,-15.252,338849,4400,12018
0183J0,4,TIGER 미국우주테크,7805,2,310,4.14,7767.0,-32.5687,2942433,23321,11481
232080,1,TIGER 코스닥150,12805,5,-95,-0.74,12853.0,-36.331,2397672,31732,11473
469150,2,ACE AI반도체TOP3+,57660,5,-520,-0.89,57649.0,7.9402,503943,30629,10840
451540,6,TIGER 종합채권(AA-이상)액티브,52450,5,-135,-0.26,52469.0,-3.8842,5346,280,10818
494890,1,KODEX 200액티브,31345,2,215,0.69,31404.0,11.7371,572978,18617,10814
465580,4,ACE 미국빅테크TOP7 Plus,24650,5,-10,-0.04,24733.0,2.8571,492497,12154,10513
226490,1,KODEX 코스피,69820,2,330,0.47,70033.0,5.9092,503426,36036,10508
445290,2,KODEX 로봇액티브,29900,2,1675,5.93,29890.0,-16.3544,1247351,38483,10480
356540,6,ACE 종합채권(AA-이상)액티브,100535,5,-310,-0.31,100509.0,-3.6037,6094,613,10443
479080,6,1Q 머니마켓액티브,53545,3,0,0.0,53547.0,0.8,34873,1867,10416
469830,6,SOL 초단기채권액티브,54155,2,5,0.01,54159.0,0.791,176122,9538,10341
449450,2,PLUS K방산,51670,2,635,1.24,51752.0,-34.5079,319273,16707,10339
446720,4,SOL 미국배당다우존스,14165,2,90,0.64,14136.0,6.5841,239841,3395,10298
479520,6,RISE KOFR금리액티브(합성),106035,2,5,0.0,106035.0,0.6311,1929,204,10096
494310,2,KODEX 반도체레버리지,87645,5,-1755,-1.96,87727.0,1.9384,1135124,109932,10035
0117L0,6,KODEX 26-12 금융채(AA-이상)액티브,10125,3,0,0.0,10121.0,0.6461,9921,100,9857
455850,2,SOL AI반도체소부장,22975,5,-695,-2.94,23030.0,-17.5434,2084846,50558,9764
0139F0,6,TIGER 12월자동연장금융채(AA-이상)액티브,101640,5,-10,-0.01,101651.0,0.5838,20,2,9755
495050,1,RISE 코리아밸류업,32760,2,165,0.51,32767.0,13.9107,216233,7362,9713
237350,1,KODEX 코스피100,87125,2,515,0.59,87231.0,13.5779,343810,31201,9627
402970,4,ACE 미국배당다우존스,15690,2,95,0.61,15657.0,6.6519,418101,6550,9461
438100,7,ACE 미국나스닥100미국채혼합50액티브,16105,2,70,0.44,16111.0,4.8381,397254,6413,9421
449180,4,KODEX 미국S&P500(H),16780,2,35,0.21,16813.0,4.6221,240274,4036,9405
494300,4,KODEX 미국나스닥100데일리커버드콜OTM,9955,2,40,0.4,10016.0,3.7619,1312441,13122,9298
0117V0,2,TIGER 코리아AI전력기기TOP3플러스,17990,2,410,2.33,18018.0,-13.2709,1893338,34951,9283
252670,3,KODEX 200선물인버스2X,100,5,-1,-0.99,100.0,-44.1989,6404531474,587205,9144
295040,1,SOL 200TR,40650,2,190,0.47,40736.0,11.9225,326220,13793,8780
153130,6,KODEX 단기채권,113195,2,15,0.01,113208.0,0.5267,35805,4053,8412
475720,3,RISE 200위클리커버드콜,13440,2,95,0.71,13365.0,3.6103,638122,8710,8373
114800,3,KODEX 인버스,1109,5,-3,-0.27,1110.0,-20.2296,780959628,832039,8153
385560,6,RISE KIS국고채30년Enhanced,51045,5,-740,-1.43,51041.0,-20.6239,38658,1982,8135
476550,6,TIGER 미국30년국채커버드콜액티브(H),7000,5,-30,-0.43,6997.0,-2.5475,1443326,10105,8103
457480,4,ACE 테슬라밸류체인액티브,19530,2,180,0.93,19625.0,-14.6638,317218,6273,8095
069660,1,KIWOOM 200,108450,2,530,0.49,108710.0,11.9815,86869,9799,8080
371460,4,TIGER 차이나전기차SOLACTIVE,10860,5,-200,-1.81,10898.0,-22.0853,141056,1550,8015
498410,2,KODEX 금융고배당TOP10타겟위클리커버드콜,12195,2,50,0.41,12169.0,-5.6682,1146886,14057,7951
441800,1,TIME Korea플러스배당액티브,29420,2,65,0.22,29487.0,-0.8093,238467,7256,7926
305540,2,TIGER 2차전지테마,16275,2,235,1.47,16281.0,-38.0974,249165,4155,7885
466940,2,TIGER 은행고배당플러스TOP10,26225,5,-75,-0.29,26248.0,-1.3719,367407,9739,7815
423920,4,TIGER 미국필라델피아반도체레버리지(합성),103190,5,-490,-0.47,108583.0,41.8505,68603,7445,7667
0048J0,6,KODEX 미국머니마켓액티브,14810,2,70,0.47,14823.0,1.1378,401916,5958,7653
0025N0,7,TIGER TDF2045 적격,12445,2,80,0.65,12456.0,3.5594,264418,3292,7635
0177R0,2,TIGER 반도체TOP10커버드콜액티브,11745,5,-60,-0.51,11704.0,15.1553,2129287,26188,7623
490590,4,RISE 미국AI밸류체인데일리고정커버드콜,14835,5,-35,-0.24,14981.0,9.2709,616002,9236,7610
481060,6,KODEX 미국30년국채타겟커버드콜(합성 H),7550,5,-25,-0.33,7565.0,-2.7018,349962,2641,7539
0061Z0,6,RISE 단기특수은행채액티브,50825,2,5,0.01,50827.0,0.7034,364,18,7506
144600,5,KODEX 은선물(H),9725,2,155,1.62,9680.0,-26.3563,469987,4562,7430
272580,6,TIGER 단기채권액티브,56882,2,7,0.01,56884.0,0.5747,34450,1959,7428
102970,2,KODEX 증권,20100,5,-240,-1.18,20144.0,-28.5068,898528,18690,7417
491010,4,TIGER 글로벌AI전력인프라액티브,29245,2,910,3.21,29411.0,-0.6313,106545,3163,7320
456610,6,TIGER 미국달러SOFR금리액티브(합성),63950,2,320,0.5,63956.0,1.1766,32066,2051,7258
458760,4,TIGER 미국배당다우존스타겟커버드콜2호,11480,2,45,0.39,11460.0,6.4364,139893,1605,7129
495850,1,KODEX 코리아밸류업,32520,2,120,0.37,32575.0,13.6039,188203,6301,7089
0127P0,4,ACE 미국대형성장주액티브,11135,2,50,0.45,11212.0,5.5714,265747,2981,6876
0015B0,4,KoAct 미국나스닥성장기업액티브,20835,2,305,1.49,21210.0,8.5668,500925,10598,6855
396520,4,TIGER 차이나반도체FACTSET,16955,5,-90,-0.53,17039.0,50.7073,1435139,25081,6850
138540,2,TIGER 현대차그룹플러스,52530,2,1530,3.0,52619.0,-18.2621,294655,15718,6839
367760,2,RISE 네트워크인프라,58120,2,825,1.44,58146.0,26.2726,347122,21144,6829
455030,6,KODEX 미국달러SOFR금리액티브(합성),12725,2,55,0.43,12730.0,1.1337,131475,1673,6763
0167B0,2,SOL 200타겟위클리커버드콜,12125,2,35,0.29,12130.0,10.4256,1522724,19174,6717
290130,2,RISE ESG사회책임투자,47635,2,450,0.95,47678.0,19.5839,326456,16300,6693
329750,6,TIGER 미국달러단기채권액티브,13930,2,60,0.43,13945.0,0.8727,327824,4569,6575
487340,6,ACE 머니마켓액티브,105430,2,20,0.02,105431.0,0.8418,25709,2710,6544
466950,4,TIGER 글로벌AI액티브,34230,2,520,1.54,34801.0,11.6779,95966,3363,6449
371160,4,TIGER 차이나항셍테크,7555,5,-230,-2.95,7555.0,-4.4676,1801781,13823,6395
434730,2,HANARO 원자력iSelect,53725,2,1135,2.16,53897.0,-31.3162,394686,21709,6393
434060,7,KODEX TDF2050액티브 적격,17570,2,165,0.95,17509.0,-0.4307,158840,2804,6308
314250,4,KODEX 미국빅테크10(H),58470,5,-435,-0.74,58726.0,8.9494,52756,3090,6286
482730,4,TIGER 미국S&P500타겟데일리커버드콜,12535,2,75,0.6,12552.0,5.4946,305595,3836,6280
484790,6,KODEX 미국30년국채액티브(H),8380,5,-40,-0.48,8388.0,-2.7634,351938,2950,6029
418660,4,TIGER 미국나스닥100레버리지(합성),44410,2,350,0.79,45092.0,15.0692,234482,10529,5929
251600,7,PLUS 고배당주채권혼합,15280,2,10,0.07,15296.0,-4.8883,228175,3508,5913
489250,4,KODEX 미국배당다우존스,13290,2,95,0.72,13268.0,6.4499,455628,6048,5874
364980,2,TIGER 2차전지TOP10,8855,2,50,0.57,8857.0,-34.9945,1781247,16117,5813
449190,4,KODEX 미국나스닥100(H),21830,5,-10,-0.05,22006.0,7.9552,174012,3817,5796
114260,6,KODEX 국고채3년,61435,5,-90,-0.15,61448.0,-0.5094,12735,782,5720
0101N0,2,RISE AI전력인프라,17970,2,610,3.51,18004.0,-12.0791,401363,7351,5607
0019K0,7,TIME 미국나스닥100채권혼합50액티브,13630,2,40,0.29,13785.0,5.4305,604902,8318,5527
494670,2,TIGER 조선TOP10,21785,2,630,2.98,21858.0,-29.0618,677590,14910,5501
438330,6,TIGER 우량회사채액티브,114755,5,-100,-0.09,114837.0,-0.524,6512,747,5382
462330,2,KODEX 2차전지산업레버리지,847,2,12,1.44,846.0,-67.5098,45852010,40563,5335
463250,2,TIGER K방산&우주,33115,2,565,1.74,33169.0,-34.3159,329591,11067,5282
0148J0,2,TIGER 코리아휴머노이드로봇산업,8485,2,825,10.77,8472.0,-35.4676,10585151,93368,5261
0105E0,2,SOL 코리아고배당,12805,2,90,0.71,12813.0,-6.9954,602849,7814,5250
251350,4,KODEX MSCI선진국,41000,2,265,0.65,41030.0,4.569,21570,886,5248
315960,2,RISE 대형고배당10TR,79515,2,240,0.3,79690.0,17.8197,118984,9832,5248
444200,2,SOL 코리아메가테크액티브,45200,2,530,1.19,45270.0,-6.3074,106549,4990,5175
243880,2,TIGER 200IT레버리지,390000,2,945,0.24,391471.0,36.5105,142072,61178,5168
365780,6,ACE 국고채10년,81660,5,-410,-0.5,81689.0,-4.0678,7215,589,5158
0190C0,2,RISE 현대차고정피지컬AI,8720,2,440,5.31,8721.0,,1893102,16909,5123
496080,1,TIGER 코리아밸류업,32550,2,150,0.46,32608.0,13.7088,179174,6035,5110
491620,4,RISE 미국테크100데일리고정커버드콜,11225,5,-80,-0.71,11296.0,8.9841,1145882,12945,5107
0007F0,6,KODEX 27-12 회사채(AA-이상)액티브,10125,3,0,0.0,10132.0,0.0494,32551,329,5071
293180,1,HANARO 200,108895,2,440,0.41,109084.0,12.0935,34138,3850,5064
499660,7,TIGER CD금리플러스액티브(합성),1001945,2,80,0.01,1001950.0,0.7423,9430,9448,4986
471230,6,KODEX 국고채10년액티브,102805,5,-510,-0.49,102838.0,-4.2538,14649,1507,4912
473290,6,KODEX 26-12 회사채(AA-이상)액티브,10840,5,-5,-0.05,10839.0,0.6029,18928,205,4904
483280,4,KODEX 미국AI테크TOP10타겟커버드콜,12395,5,-10,-0.08,12477.0,1.1245,232238,2891,4846
488080,3,TIGER 반도체TOP10레버리지,39760,5,-845,-2.08,39996.0,-21.5287,1416838,62514,4831
476800,7,KODEX 한국부동산리츠인프라,4205,3,0,0.0,4197.0,-14.7877,380605,1602,4806
361580,1,RISE 200TR,61595,2,415,0.68,61768.0,11.4491,223898,14370,4774
0091P0,2,TIGER 코리아원자력,14115,2,525,3.86,14153.0,-47.6636,1871813,26862,4771
490490,7,SOL 미국배당미국채혼합50,11630,2,45,0.39,11622.0,2.542,185657,2163,4733
435420,7,TIGER 미국나스닥100채권혼합50,14385,2,40,0.28,14416.0,3.3463,381831,5501,4697
447770,7,TIGER 테슬라채권혼합Fn,14240,2,45,0.32,14256.0,-2.565,138799,1978,4671
451000,6,PLUS 종합채권(AA-이상)액티브,106645,5,-150,-0.14,106535.0,-3.6842,3,0,4589
462010,2,TIGER 2차전지소재Fn,4310,2,50,1.17,4312.0,-45.3861,2290190,10104,4573
448290,4,TIGER 미국S&P500(H),17420,2,30,0.17,17458.0,4.7576,91625,1597,4399
474220,4,TIGER 미국테크TOP10타겟커버드콜,15595,2,25,0.16,15646.0,0.4198,104146,1622,4398
480260,6,TIGER 27-04회사채(A+이상)액티브,53560,5,-5,-0.01,53567.0,0.2995,2260,121,4380
439870,6,KODEX 국고채30년액티브,86100,5,-985,-1.13,86205.0,-16.5733,6372,550,4341
091180,2,KODEX 자동차,29835,2,1070,3.72,29828.0,-12.7258,489005,14797,4326
277630,1,TIGER 코스피,70900,2,490,0.7,70995.0,5.8991,61520,4528,4289
451060,1,1Q 200액티브,34720,2,175,0.51,34841.0,10.9336,95596,3458,4271
241180,4,TIGER 일본니케이225,36065,5,-95,-0.26,36108.0,8.9813,31054,1132,4256
0163Y0,1,KoAct 코스닥액티브,8485,5,-175,-2.02,8492.0,-32.764,850564,7548,4204
0173Y0,4,KODEX 미국AI광통신네트워크,11925,2,260,2.23,12271.0,-12.3262,1023015,12516,4162
148070,6,KIWOOM 국고채10년,103530,5,-465,-0.45,103543.0,-4.0991,5212,540,4128
477050,6,PLUS 머니마켓액티브,53285,3,0,0.0,53293.0,0.7754,23606,1257,4120
458250,6,TIGER 미국30년국채스트립액티브(합성 H),35365,5,-270,-0.76,35482.0,-4.7829,37904,1342,4086
0023A0,4,SOL 미국양자컴퓨팅TOP10,25395,2,185,0.73,25515.0,-12.495,138760,3582,4051
0016X0,6,SOL 중단기회사채(A-이상)액티브,51200,2,10,0.02,51183.0,0.3528,4241,217,4041
426020,4,TIME 미국S&P500액티브,33815,2,265,0.79,34096.0,7.6528,97754,3327,4031
0060H0,1,TIGER 토탈월드스탁액티브,13310,2,115,0.87,13331.0,3.897,40484,540,3993
0043Y0,4,TIME 차이나AI테크액티브,22240,2,200,0.91,22085.0,16.4597,492619,11146,3881
474590,2,WON 반도체밸류체인액티브,43885,5,-905,-2.02,43988.0,24.9023,122676,5712,3840
0131V0,4,1Q 미국우주항공테크,11315,2,10,0.09,11333.0,-13.7639,248432,2837,3779
453810,4,KODEX 인도Nifty50,12445,5,-5,-0.04,12500.0,-4.483,152785,1910,3765
0167Z0,4,KODEX 미국우주항공,8155,2,345,4.42,8109.0,-30.7318,796416,6606,3706
462900,2,KoAct 바이오헬스케어액티브,12685,5,-225,-1.74,12730.0,-39.5317,2470801,31991,3679
0144L0,4,KODEX 미국성장커버드콜액티브,10240,3,0,0.0,10300.0,6.5705,224789,2311,3666
385720,1,TIME 코스피액티브,25590,2,65,0.25,25586.0,5.2577,139303,3695,3608
471990,2,KODEX AI반도체핵심장비,22085,5,-365,-1.63,22128.0,-19.8708,1542747,35943,3600
0040Y0,7,SOL 팔란티어커버드콜OTM채권혼합,8225,5,-15,-0.18,8191.0,-2.0845,259022,2128,3598
456880,7,ACE 미국달러SOFR금리(합성),12950,2,60,0.47,12955.0,1.098,51332,665,3587
496020,6,WON 전단채플러스액티브,52250,2,5,0.01,52246.0,0.8396,4395,229,3574
439860,6,KODEX ESG종합채권(A-이상)액티브,112925,5,-10,-0.01,113021.0,-0.869,23,2,3570
448300,4,TIGER 미국나스닥100(H),22565,5,-5,-0.02,22739.0,8.0913,73337,1662,3531
310960,1,TIGER 200TR,63185,2,335,0.53,63430.0,11.3473,27277,1785,3475
0052D0,2,TIGER 코리아배당다우존스,15395,2,105,0.69,15447.0,-6.708,207921,3249,3433
091170,2,KODEX 은행,15880,5,-30,-0.19,15925.0,0.3592,987521,15888,3406
484880,2,SOL 금융지주플러스고배당,22360,5,-70,-0.31,22363.0,-0.7427,484455,10979,3399
0080G0,2,KODEX 방산TOP10,10050,2,170,1.72,10071.0,-33.5575,3468273,35338,3387
0046A0,6,TIGER 미국초단기(3개월이하)국채,10240,2,45,0.44,10243.0,0.9715,859936,8807,3379
469070,2,RISE AI&로봇,10320,2,700,7.28,10288.0,-36.5668,821826,8726,3369
472170,7,TIGER 미국테크TOP10채권혼합,14170,5,-10,-0.07,14173.0,0.1412,101224,1437,3351
385550,6,RISE 단기채권알파액티브,113665,2,15,0.01,113660.0,0.5663,2895,329,3326
132030,5,KODEX 골드선물(H),23230,2,330,1.44,23159.0,-15.6227,148548,3432,3322
454780,6,KIWOOM 종합채권(AA-이상)액티브,98880,5,-190,-0.19,98841.0,-3.9601,36,3,3292
475300,2,SOL 반도체전공정,21010,5,-1085,-4.91,21065.0,6.7265,2572832,57068,3288
0052S0,7,1Q 미국S&P500미국채혼합50액티브,12300,2,80,0.65,12306.0,3.2947,215370,2650,3247
0026S0,4,1Q 미국S&P500,13440,2,95,0.71,13471.0,5.3092,165607,2229,3239
442570,7,RISE TDF2050액티브 적격,18020,2,85,0.47,17920.0,4.5772,131878,2391,3154
0162M0,6,KODEX 금융채1~2년(AA-이상)PLUS액티브,10005,3,0,0.0,10008.0,-0.0999,58,0,3153
279530,2,KODEX 고배당주,17260,2,15,0.09,17292.0,-5.4943,193317,3375,3141
483320,4,ACE 엔비디아밸류체인액티브,25700,2,515,2.04,25975.0,17.1395,292462,7685,3135
448630,7,RISE 삼성그룹Top3채권혼합,14635,2,15,0.1,14681.0,-0.4087,118357,1747,3132
453870,4,TIGER 인도니프티50,12275,5,-5,-0.04,12315.0,-4.4698,78652,969,3118
0038A0,4,KODEX 미국휴머노이드로봇,16245,2,130,0.81,16447.0,-4.3632,262580,4301,3095
441680,7,TIGER 미국나스닥100커버드콜(합성),11335,5,-15,-0.13,11433.0,3.8907,94325,1074,3083
485540,4,KODEX 미국AI테크TOP10,15690,2,25,0.16,15793.0,1.5523,135217,2131,3083
476760,6,ACE 미국30년국채액티브,9725,3,0,0.0,9737.0,-2.2275,253922,2470,3083
0111P0,7,1Q 미국나스닥100미국채혼합50액티브,11465,2,55,0.48,11514.0,4.7241,146009,1679,3050
473330,6,SOL 미국30년국채커버드콜(합성),8760,5,-5,-0.06,8777.0,-2.1127,189233,1658,3048
0182R0,2,1Q K반도체TOP2+,10825,3,0,0.0,10830.0,-0.4598,3780149,42969,3015
475080,7,KODEX 테슬라커버드콜채권혼합액티브,8270,2,25,0.3,8293.0,-0.2763,141291,1169,3014
0210A0,2,ACE K반도체TOP2+,7350,5,-75,-1.01,7368.0,,5987856,46421,3002
489030,2,PLUS 고배당주위클리커버드콜,6725,2,30,0.45,6689.0,-19.9022,1159827,7739,2976
481190,4,SOL 미국테크TOP10,17475,2,50,0.29,17540.0,1.4806,59631,1043,2927
461490,7,RISE 글로벌자산배분액티브,14800,2,55,0.37,14807.0,-2.286,43701,647,2908
433330,4,SOL 미국S&P500,22975,2,145,0.64,23024.0,5.4378,21618,497,2895
190620,6,ACE 단기통안채,101690,2,20,0.02,101687.0,0.5936,2201,223,2879
0094K0,6,TIGER 28-04 회사채(A+이상)액티브,98945,5,-35,-0.04,98904.0,-0.2118,6881,681,2858
270810,1,RISE 코스닥150,12505,5,-80,-0.64,12543.0,-36.2148,337676,4380,2841
385510,2,KODEX 신재생에너지액티브,34580,2,1280,3.84,34369.0,-34.2431,131521,4657,2836
283580,4,KODEX 차이나CSI300,16670,5,-20,-0.12,16721.0,1.0907,266657,4492,2834
471040,4,KoAct 글로벌AI&로봇액티브,30840,2,440,1.45,31339.0,8.4358,76794,2419,2822
245710,4,ACE 베트남VN30(합성),28735,5,-530,-1.81,29075.0,-7.4039,67497,1973,2816
0053L0,4,TIGER 차이나휴머노이드로봇,10755,5,-115,-1.06,10789.0,-14.2386,657343,7189,2802
423170,4,SOL 글로벌AI반도체탑픽액티브,61095,2,920,1.53,61352.0,28.0709,23290,1464,2798
196230,6,RISE 단기통안채,116600,2,5,0.0,116612.0,0.5736,5729,668,2782
273140,6,KODEX 단기변동금리부채권액티브,114570,2,15,0.01,114574.0,0.5112,5294,606,2781
157500,2,TIGER 증권,14115,5,-65,-0.46,14128.0,-28.3115,1930699,27911,2761
472920,6,HK 종합채권(AA-이상)액티브,97515,5,-185,-0.19,97471.0,-3.6585,4,0,2752
307520,2,TIGER 지주회사,20245,2,400,2.02,20329.0,-11.0787,1522528,31599,2723
495230,1,KoAct 코리아밸류업액티브,31625,2,60,0.19,31660.0,9.7407,82311,2710,2720
0008S0,4,TIGER 미국배당다우존스타겟데일리커버드콜,10315,2,35,0.34,10321.0,6.4404,249639,2578,2692
483340,4,ACE 구글밸류체인액티브,23675,2,200,0.85,23949.0,11.9723,272946,6597,2675
466930,2,SOL 자동차TOP3플러스,27335,2,1065,4.05,27395.0,8.7454,512690,14340,2638
471780,2,TIGER 코리아테크액티브,35400,5,-355,-0.99,35434.0,14.1226,274319,10238,2613
414780,4,TIGER 차이나과창판STAR50(합성),16590,5,-15,-0.09,16765.0,31.8903,1435688,24510,2596
139230,2,TIGER 200 중공업,12825,2,365,2.93,12852.0,-28.9219,212776,2781,2591
478150,4,TIME 글로벌우주테크&방산액티브,20945,2,140,0.67,21032.0,-8.469,46812,983,2587
486450,4,SOL 미국AI전력인프라,21760,2,470,2.21,21856.0,-9.5446,29224,641,2579
388420,2,RISE 비메모리반도체액티브,27935,5,-435,-1.53,27962.0,9.7061,277461,8135,2559
497880,6,SOL CD금리&머니마켓액티브,50120,5,-5,-0.01,50122.0,0.8121,110404,5533,2554
493810,4,TIGER 미국AI빅테크10타겟데일리커버드콜,12005,2,5,0.04,12078.0,3.3956,77035,926,2551
302190,6,TIGER 중장기국채,49690,5,-145,-0.29,49705.0,-2.3705,4170,207,2534
409820,4,KODEX 미국나스닥100레버리지(합성 H),19415,5,-10,-0.05,19688.0,14.6017,81862,1602,2514
123320,3,TIGER 레버리지,119395,2,1115,0.94,119286.0,9.6454,285036,35834,2507
364970,2,TIGER 바이오TOP10,6190,5,-75,-1.2,6197.0,-24.1044,1386927,8775,2488
488980,6,SOL 26-12 회사채(AA-이상)액티브,51930,2,15,0.03,51927.0,0.6299,152,7,2475
213610,2,KODEX 삼성그룹밸류,21640,2,205,0.96,21666.0,8.0569,17436,386,2445
228790,2,TIGER 화장품,3545,5,-105,-2.88,3548.0,-5.5918,6158770,22195,2429
0162Y0,1,TIME 코스닥액티브,7000,5,-130,-1.82,6994.0,-33.9203,609198,4440,2415
363580,2,KODEX 200IT TR,55710,2,125,0.22,55819.0,31.718,221651,12898,2396
363570,6,KODEX 장기종합채권(AA-이상)액티브,85500,5,-620,-0.72,85519.0,-8.3976,32,2,2390
458260,6,TIGER 미국투자등급회사채액티브(H),46775,5,-140,-0.3,46764.0,-1.744,5629,263,2380
329650,7,KODEX TRF3070,14235,2,15,0.11,14273.0,-1.6901,56569,805,2349
305080,6,TIGER 미국채10년선물,13190,2,10,0.08,13190.0,-1.3474,58648,774,2348
437080,6,KODEX 미국종합채권ESG액티브(H),97695,5,-255,-0.26,97686.0,-1.1424,2011,196,2340
0219E0,2,KODEX 200커버드콜액티브,8810,5,-10,-0.11,8808.0,,4600324,42137,2335
0182S0,7,1Q K반도체TOP2채권혼합50,12475,5,-5,-0.04,12475.0,18.406,348403,4448,2327
261260,7,KODEX 미국달러선물인버스2X,4650,5,-45,-0.96,4660.0,-1.4691,205814,957,2324
448540,7,ACE 엔비디아채권혼합,26380,2,35,0.13,26486.0,1.2684,29241,773,2321
472160,4,TIGER 미국테크TOP10 INDXX(H),18380,5,-35,-0.19,18442.0,0.6284,69327,1275,2307
442320,4,RISE 글로벌원자력,36125,2,1665,4.83,35937.0,-26.2257,25436,916,2298
0092C0,6,SOL 27-12 회사채(AA-이상)액티브,50010,3,0,0.0,50025.0,0.2807,0,0,2281
0047A0,4,TIGER 차이나테크TOP10,14200,5,-360,-2.47,14247.0,9.9697,197358,2862,2279
0151S0,4,KODEX 미국AI반도체TOP3플러스,16130,2,260,1.64,16521.0,20.4935,470825,7743,2274
495060,1,TIME 코리아밸류업액티브,29925,5,-185,-0.61,29956.0,14.5302,199661,6226,2274
0183V0,7,KIWOOM 삼성전자&SK하이닉스채권혼합50,11850,5,-15,-0.13,11869.0,19.5544,883208,10730,2263
498270,4,KIWOOM 미국양자컴퓨팅,14985,2,220,1.49,15022.0,-0.3684,45628,688,2233
0089D0,2,KODEX 금융고배당TOP10,13390,2,10,0.07,13398.0,-0.9296,144579,1965,2223
0104N0,2,TIGER 200타겟위클리커버드콜,21130,2,175,0.84,21104.0,11.1438,267076,5879,2198
463050,2,TIME K바이오액티브,11530,5,-190,-1.62,11524.0,-35.0333,403353,4728,2196
490090,4,TIGER 미국AI빅테크10,16475,2,10,0.06,16545.0,4.3078,45962,757,2183
302450,1,RISE 코스피,70480,2,355,0.51,70536.0,6.1568,3149,229,2150
266160,2,RISE 고배당,33455,3,0,0.0,33496.0,6.6702,42568,1447,2124
452360,4,SOL 미국배당다우존스(H),12930,2,50,0.39,12906.0,5.6384,57791,746,2108
476450,6,KIWOOM 머니마켓액티브,52565,3,0,0.0,52567.0,0.6992,1462,76,2098
0204D0,2,KODEX 현대차로보틱스밸류체인TOP3플러스,6790,2,240,3.66,6800.0,,1596724,11049,2088
394670,4,TIGER 글로벌리튬&2차전지SOLACTIVE(합성),11230,2,180,1.63,11265.0,-18.9586,44995,507,2080
332930,1,HANARO 200TR,142350,2,700,0.49,142623.0,11.8745,35371,5268,2064
480040,4,ACE 미국반도체데일리타겟커버드콜(합성),17090,2,210,1.24,17362.0,13.8007,157470,2736,2000
0197X0,2,SOL SK하이닉스선물단일종목인버스2X,11320,2,90,0.8,11353.0,,293252583,2938766,1995
495550,1,SOL 코리아밸류업TR,33245,2,180,0.54,33256.0,13.3721,50577,1752,1995
463290,6,1Q 단기금융채액티브,108855,2,15,0.01,108850.0,0.6892,235,25,1965
433500,2,ACE 원자력TOP10,47675,2,1955,4.28,47810.0,-42.2741,492232,23935,1955
491610,6,1Q CD금리액티브(합성),104505,2,5,0.0,104363.0,0.6986,3575,373,1916
0069M0,4,1Q 미국나스닥100,14180,2,65,0.46,14290.0,8.7261,75351,1074,1914
0115D0,2,KODEX 조선TOP10,7730,2,235,3.14,7763.0,-28.0885,2328319,18221,1909
244580,2,KODEX 바이오,7525,5,-160,-2.08,7540.0,-37.7229,606992,4678,1896
473460,4,KODEX 미국서학개미,24185,2,225,0.94,24440.0,-0.3125,22205,543,1886
122090,1,PLUS 코스피50,82650,2,935,1.14,82669.0,16.263,50494,4341,1884
0091C0,6,KODEX 미국10년국채액티브(H),9640,5,-20,-0.21,9634.0,-1.7651,42400,408,1876
0005A0,4,KODEX 미국S&P500데일리커버드콜OTM,10165,2,75,0.74,10146.0,5.5853,155130,1579,1870
0098F0,2,KODEX 원자력SMR,13555,2,525,4.03,13575.0,-43.6588,509084,7017,1857
429000,4,TIGER 미국S&P500배당귀족,14140,3,0,0.0,14116.0,4.5725,94912,1339,1852
0119H0,6,KODEX 28-12 회사채(AA-이상)액티브,9855,5,-5,-0.05,9863.0,-0.3034,10686,105,1836
267770,3,TIGER 200선물레버리지,91705,2,915,1.01,91569.0,9.7624,37037,3700,1834
433980,7,KODEX TDF2040액티브 적격,16395,2,100,0.61,16385.0,2.4197,77026,1265,1828
422420,2,RISE 2차전지액티브,5795,2,50,0.87,5789.0,-45.9549,80640,478,1827
0082V0,7,KODEX TDF2060액티브 적격,11770,2,120,1.03,11726.0,-0.0873,76697,906,1824
0190G0,2,KODEX 반도체타겟위클리커버드콜,9000,5,-115,-1.26,8971.0,,512506,4789,1800
251340,3,KODEX 코스닥150선물인버스,2875,2,25,0.88,2910.0,42.8571,47096010,131281,1797
200250,4,KIWOOM 인도Nifty50(합성),22710,5,-40,-0.18,22795.0,-4.5722,4948,112,1794
160580,5,TIGER 구리실물,16720,2,10,0.06,16964.0,5.559,42348,711,1789
472870,6,RISE 미국30년국채엔화노출(합성 H),7350,5,-25,-0.34,7368.0,-5.573,99412,730,1782
458210,7,KIWOOM CD금리액티브(합성),110230,3,0,0.0,110219.0,0.708,521,57,1778
337160,2,KODEX 200ESG,47950,2,220,0.46,47972.0,19.6366,41365,2063,1774
0040X0,7,SOL 팔란티어미국채커버드콜혼합,9540,5,-40,-0.42,9524.0,-2.0637,222926,2118,1770
494220,2,UNICORN SK하이닉스밸류체인액티브,47500,5,-1305,-2.67,47615.0,22.1193,183616,9268,1758
117700,2,KODEX 건설,5825,2,190,3.37,5819.0,-39.3799,1058166,6224,1742
0051G0,4,SOL 미국원자력SMR,13815,2,415,3.1,13858.0,-21.3428,144566,2013,1727
483290,4,KODEX 미국배당다우존스타겟커버드콜,10855,2,75,0.7,10831.0,6.0524,264980,2872,1726
0093A0,2,RISE AI반도체TOP10,31665,5,-1035,-3.17,31655.0,-4.1915,168390,5631,1726
0122W0,6,RISE 26-11 회사채(AA-이상)액티브,50805,5,-5,-0.01,50813.0,0.6039,5456,277,1724
0094M0,2,RISE 코리아밸류업위클리고정커버드콜,18410,2,150,0.82,18347.0,11.0954,173857,3261,1703
0005G0,2,IBK K-AI반도체코어테크,49000,5,-285,-0.58,49131.0,24.6492,31858,1654,1691
332500,1,ACE 200TR,72870,2,325,0.45,73067.0,11.6764,79659,6088,1676
403790,1,MIDAS 코스피액티브,57290,2,275,0.48,57390.0,7.171,5288,312,1676
421320,2,PLUS 우주항공,25035,2,220,0.89,25146.0,-48.4845,52713,1355,1665
480030,4,ACE 미국500데일리타겟커버드콜(합성),10780,2,85,0.79,10787.0,4.5595,87493,943,1639
237370,7,KODEX 코리아배당성장채권혼합,15660,2,40,0.26,15671.0,-2.4928,68612,1077,1629
0192Z0,6,TIGER 중기종합채권(A-이상)액티브,100415,3,0,0.0,100400.0,,0,0,1622
480020,4,ACE 미국빅테크7+데일리타겟커버드콜(합성),11390,5,-100,-0.87,11443.0,-2.2008,172370,1977,1595
490600,4,RISE 미국배당100데일리고정커버드콜,9455,2,60,0.64,9438.0,6.593,132871,1254,1593
0099L0,6,ACE 우량회사채(AA-이상)액티브,98885,5,-55,-0.06,98857.0,-0.2471,38600,3817,1591
0180V0,4,ACE 미국우주테크액티브,8055,2,335,4.34,8014.0,-30.7002,483070,3921,1583
464240,6,KIWOOM 26-09회사채(AA-이상)액티브,52265,2,40,0.08,52246.0,0.6809,177,9,1568
0064K0,5,KODEX 금액티브,12795,2,260,2.07,12763.0,-14.9016,125498,1605,1567
272560,6,RISE 단기국공채액티브,114450,2,15,0.01,114441.0,0.4344,3469,397,1565
0151P0,2,RISE 코리아전략산업액티브,15070,5,-30,-0.2,15081.0,-4.0356,282388,4457,1560
0048K0,4,KODEX 차이나휴머노이드로봇,8885,5,-160,-1.77,8916.0,-11.9208,1425157,12846,1559
0104H0,7,KoAct 미국나스닥채권혼합50액티브,12470,2,120,0.97,12534.0,5.2855,115807,1453,1553
0127M0,4,ACE 미국대형가치주액티브,12815,2,90,0.71,12906.0,11.816,87194,1119,1544
219480,4,KODEX 미국S&P500선물(H),32320,2,50,0.15,32315.0,4.3492,9909,320,1519
0153K0,2,KODEX 주주환원고배당주,12055,5,-80,-0.66,12077.0,1.4211,148771,1814,1519
494330,2,ACE 라이프자산주주가치액티브,30970,2,75,0.24,30997.0,23.8034,24244,757,1518
0176E0,4,RISE 미국AI전력인프라액티브,11415,2,305,2.75,11495.0,-3.5591,7440,85,1512
491820,2,HANARO 전력설비투자,40710,2,1200,3.04,40735.0,-14.9257,181929,7574,1506
245340,4,TIGER 미국다우존스30,37600,2,300,0.8,37630.0,5.7211,14287,536,1504
451530,6,TIGER 국고채30년스트립액티브,34680,5,-605,-1.71,34826.0,-26.3976,23318,813,1486
152870,1,파워 200,109580,2,585,0.54,109742.0,11.8441,17570,1959,1479
0181B0,4,HANARO 미국AI메모리반도체TOP4+,10955,2,255,2.38,11286.0,,516791,5833,1468
136340,6,RISE 중기우량회사채,103840,5,-25,-0.02,103805.0,-0.5036,444,46,1462
192090,4,TIGER 차이나CSI300,13620,2,30,0.22,13630.0,0.5549,39723,544,1457
461950,2,KODEX 2차전지핵심소재10,4315,2,30,0.7,4309.0,-45.9316,421052,1859,1448
304660,6,KODEX 미국30년국채울트라선물(H),7340,5,-20,-0.27,7344.0,-3.0942,345883,2529,1431
138520,2,TIGER 삼성그룹,34595,2,295,0.86,34691.0,11.7582,33147,1187,1411
0041E0,4,KODEX 미국S&P500액티브,17295,2,285,1.68,17325.0,9.6644,388327,6729,1401
495330,1,1Q 코리아밸류업,32435,2,165,0.51,32408.0,13.9289,5436,182,1395
0123G0,4,TIGER 미국AI전력SMR,6985,2,225,3.33,7029.0,-17.8116,125029,889,1345
411420,4,KODEX 미국나스닥AI테크액티브,27865,2,165,0.6,28020.0,6.0076,12404,347,1338
372330,4,KODEX 차이나항셍테크,7560,5,-235,-3.01,7558.0,-4.1768,444651,3400,1331
412570,2,TIGER 2차전지TOP10레버리지,984,2,6,0.61,985.0,-62.3847,4922703,5057,1326
448100,1,WON 200,112875,2,1770,1.59,111943.0,11.7859,26447,3091,1326
182480,7,TIGER 미국MSCI리츠(합성 H),14410,2,35,0.24,14487.0,4.966,13236,190,1326
143860,2,TIGER 헬스케어,33120,5,-550,-1.63,33242.0,-30.095,33063,1119,1325
271050,5,KODEX WTI원유선물인버스(H),2050,5,-90,-4.21,2036.0,-6.7539,1630272,3358,1317
325010,2,KODEX 성장주,42345,2,380,0.91,42364.0,7.8702,62241,2669,1313
233160,3,TIGER 코스닥150 레버리지,6550,5,-110,-1.65,6538.0,-63.9513,2727949,19119,1303
481180,4,SOL 미국AI소프트웨어,14960,5,-40,-0.27,14977.0,19.2852,42531,635,1294
476030,4,SOL 미국나스닥100,17960,2,65,0.36,18106.0,8.9797,26271,474,1293
0074K0,2,KoAct K수출핵심기업TOP30액티브,16165,2,40,0.25,16177.0,-9.4356,58239,969,1285
0131W0,6,1Q 단기특수은행채액티브,101780,2,10,0.01,101787.0,0.6408,2086,212,1265
0199C0,2,ACE 고배당주Plus커버드콜액티브,9720,5,-30,-0.31,9705.0,,610533,6012,1264
354500,1,ACE 코스닥150,12690,5,-85,-0.67,12740.0,-36.1611,142989,1878,1256
0174B0,7,KoAct 글로벌AI메모리반도체액티브,15230,2,250,1.67,15433.0,37.3052,265277,4221,1249
0000Y0,6,HK 26-12 회사채(AA-이상)액티브,101515,2,40,0.04,101503.0,0.5947,493,50,1228
114820,6,TIGER 국채3년,104475,5,-120,-0.11,104489.0,-0.594,6272,655,1228
0036R0,4,RISE 미국휴머노이드로봇,20665,2,185,0.9,20856.0,10.4936,40901,852,1219
464930,4,TIGER 글로벌혁신블루칩TOP10,21645,2,50,0.23,21677.0,3.8221,20521,442,1212
464310,4,TIGER 글로벌AI&로보틱스 INDXX,14595,2,180,1.25,14599.0,-7.3884,56384,825,1211
328370,1,PLUS 코스피TR,38380,2,430,1.13,38272.0,6.0796,31156,1237,1209
463680,4,KODEX 미국S&P500테크놀로지,23025,2,350,1.54,23106.0,15.2128,36213,841,1197
0168K0,2,TIGER 기술이전바이오액티브,5600,5,-90,-1.58,5621.0,-40.2939,1782804,10188,1191
399110,4,SOL 미국S&P500ESG,21630,2,120,0.56,21706.0,5.2837,12557,271,1190
0005D0,2,SOL 전고체배터리&실리콘음극재,12465,2,160,1.3,12468.0,-49.549,351070,4494,1178
491230,6,PLUS 국공채머니마켓액티브,52317,2,12,0.02,52314.0,0.693,571,29,1176
261270,7,KODEX 미국달러선물인버스,7545,5,-25,-0.33,7553.0,-0.4603,59279,445,1174
447620,7,SOL 미국TOP5채권혼합50,15830,5,-70,-0.44,15881.0,2.5733,54720,867,1171
471760,2,TIGER AI반도체핵심공정,13775,2,75,0.55,13816.0,-33.0252,838735,12105,1171
488500,4,TIGER 미국S&P500동일가중,13295,2,5,0.04,13306.0,5.5619,56514,751,1170
168580,4,ACE 중국본토CSI300,37475,2,415,1.12,37617.0,-0.3094,801,30,1169
309230,4,ACE 미국WideMoat동일가중,31345,5,-280,-0.89,31422.0,3.9314,3756,117,1166
332940,1,HANARO MSCI Korea TR,48545,2,290,0.6,48421.0,14.5655,1345,68,1165
139220,2,TIGER 200 건설,6770,2,140,2.11,6792.0,-33.8456,770553,5328,1164
498180,6,파워 종합채권(AA-이상)액티브,92975,3,0,0.0,92717.0,-3.6429,0,0,1158
0080Y0,2,SOL 조선TOP3플러스레버리지,9080,2,400,4.61,9190.0,-54.827,1007270,9376,1153
394660,4,TIGER 글로벌자율주행&전기차SOLACTIVE,17155,2,430,2.57,17329.0,-4.8365,6294,108,1146
0132K0,7,PLUS 테슬라위클리커버드콜채권혼합,8465,5,-5,-0.06,8507.0,0.2828,84697,718,1134
304940,4,KODEX 미국나스닥100선물(H),31905,2,30,0.09,32118.0,7.6676,37640,1204,1133
204480,4,TIGER 차이나CSI300레버리지(합성),29950,2,570,1.94,30008.0,-2.9082,4743,142,1114
367770,2,RISE 수소경제테마,21220,2,730,3.56,21225.0,-24.2068,133606,2886,1103
325020,2,KODEX 배당가치,29015,2,155,0.54,29050.0,4.7515,6843,202,1103
377990,2,TIGER Fn신재생에너지,22335,2,535,2.45,22319.0,-27.3455,77386,1776,1094
326240,2,RISE IT플러스,42450,2,265,0.63,42497.0,4.8747,8331,367,1087
457990,2,PLUS 태양광&ESS,32670,2,825,2.59,32764.0,-25.8203,172020,5835,1078
0135Y0,6,IBK 중기종합채권(AA-이상)액티브,99880,5,-20,-0.02,99866.0,-0.4237,63,6,1076
319640,4,TIGER 골드선물(H),24445,2,355,1.47,24371.0,-15.7546,61819,1509,1076
0191W0,6,HANARO 중기종합채권(A-이상)액티브,100420,3,0,0.0,100381.0,,0,0,1069
266370,2,KODEX IT,66445,2,230,0.35,66566.0,16.9819,110434,7665,1063
0092B0,2,SOL 한국원자력SMR,13195,2,400,3.13,13226.0,-46.0268,142534,1918,1062
465610,4,ACE 미국빅테크TOP7 Plus레버리지(합성),44240,5,-190,-0.43,44529.0,4.1246,8074,357,1062
0193M0,6,BNK 27-12 특수채(AAA이상)액티브,50145,3,0,0.0,50165.0,,0,0,1060
496090,1,KIWOOM 코리아밸류업,32610,2,100,0.31,32600.0,14.4878,726,24,1060
449770,4,KIWOOM 미국S&P500,22050,2,160,0.73,22096.0,5.2884,307187,6782,1058
0091M0,6,HANARO 27-06 회사채(AA-이상)액티브,10120,3,0,0.0,10120.0,0.4965,1803,18,1053
438570,6,SOL 국고채10년,97270,5,-415,-0.42,97262.0,-4.1412,269,26,1052
0221V0,6,IBK 초단기채권액티브,100040,2,10,0.01,100041.0,,512,51,1050
0035T0,7,PLUS 글로벌휴머노이드로봇액티브,20705,2,1075,5.48,20712.0,-4.9488,35981,751,1046
0162L0,4,KODEX 차이나AI반도체TOP10,16200,5,-375,-2.26,16232.0,43.5667,1982256,33369,1045
0184L0,6,PLUS 중기종합채권(A-이상)액티브,100100,5,-50,-0.05,100091.0,,3,0,1041
0085P0,6,ACE 미국10년국채액티브,10580,2,20,0.19,10585.0,-0.9993,104269,1104,1037
475280,6,ACE 8월만기자동연장회사채AA-이상액티브,10690,5,-10,-0.09,10699.0,0.8482,48,0,1029
468380,6,KODEX iShares미국하이일드액티브,11770,2,55,0.47,11773.0,0.6926,153256,1803,1026
461500,6,HANARO 종합채권(AA-이상)액티브,104345,5,-275,-0.26,104375.0,-3.5272,192,20,1025
465780,6,마이티 26-09 특수채(AAA)액티브,106050,3,0,0.0,106070.0,0.6405,0,0,1021
308620,6,KODEX 미국10년국채선물,12375,2,20,0.16,12373.0,-1.2391,20316,251,1015
469170,2,ACE 포스코그룹포커스,5150,2,40,0.78,5156.0,-36.9757,784922,4136,999
479620,4,SOL 미국AI반도체칩메이커,28045,2,520,1.89,28530.0,41.5184,34608,985,996
295020,6,RISE 국채선물10년인버스,60950,2,290,0.48,61000.0,5.4039,40,2,990
0007N0,1,아이엠에셋 200,109745,2,760,0.7,109292.0,12.5146,398,45,988
114100,6,RISE 국고채3년,105990,5,-150,-0.14,106003.0,-0.5754,6563,695,986
454320,2,HANARO CAPEX설비투자iSelect,39315,2,1425,3.76,39294.0,-25.1058,9698,389,983
203780,4,TIGER 미국나스닥바이오,35055,2,175,0.5,35171.0,7.2735,29781,1049,982
476850,1,KoAct 배당성장액티브,21535,2,90,0.42,21561.0,6.7276,74130,1649,980
0138Y0,7,PLUS 금채권혼합,9825,2,70,0.72,9788.0,-7.7106,106745,1049,978
195980,4,PLUS 신흥국MSCI(합성 H),14860,5,-10,-0.07,14865.0,3.3356,12258,183,975
475050,2,ACE KPOP포커스,6860,5,-60,-0.87,6880.0,-26.8967,302353,2100,974
481430,6,RISE 국고채10년액티브,97225,5,-510,-0.52,97233.0,-4.0591,2045,199,968
0000J0,2,PLUS 한화그룹주,25000,2,500,2.04,25013.0,-38.7288,154180,3916,963
455860,2,SOL 2차전지소부장Fn,4010,2,35,0.88,4019.0,-45.5881,563351,2325,962
0177X0,2,ACE K휴머노이드로봇산업TOP2+,9100,2,980,12.07,9115.0,-32.1638,1430963,13412,960
143850,4,TIGER 미국S&P500선물(H),75785,2,170,0.22,75720.0,4.1887,1066,80,947
473440,6,ACE 11월만기자동연장회사채AA-이상액티브,10810,2,15,0.14,10807.0,0.6526,4468,48,940
485690,4,RISE 미국AI밸류체인TOP3Plus,22280,5,-30,-0.13,22535.0,10.1728,25260,567,936
0137V0,4,KIWOOM 미국S&P500모멘텀,12290,2,135,1.11,12415.0,14.9338,110962,1381,928
269540,4,PLUS 미국S&P500(H),29680,2,40,0.13,29745.0,5.0494,7730,229,920
298770,4,KODEX 한국대만IT프리미어,83560,2,2820,3.49,82611.0,20.8963,85472,7187,919
433970,7,KODEX TDF2030액티브 적격,14290,2,50,0.35,14292.0,1.4969,17569,252,915
486240,2,DAISHIN343 AI반도체&인프라액티브,28510,2,25,0.09,28503.0,9.0204,320,9,912
329670,7,KODEX TRF7030,22670,2,160,0.71,22705.0,1.7256,10102,229,907
460960,7,ACE 글로벌인컴TOP10,11845,2,60,0.51,11857.0,0.606,13800,163,906
495040,1,PLUS 코리아밸류업,32320,2,155,0.48,32294.0,13.6796,3521,117,905
211900,2,KODEX 코리아배당성장,28100,2,215,0.77,28118.0,-7.5543,9882,282,899
176950,6,KODEX 국채선물10년인버스,60740,2,230,0.38,60803.0,5.4456,125,7,893
0142D0,4,TIGER 미국AI데이터센터TOP4Plus,10600,2,205,1.97,10812.0,-11.7198,170423,1854,890
0052T0,6,1Q 중단기회사채(A-이상)액티브,50480,5,-5,-0.01,50495.0,0.4376,10,0,875
444490,4,WON 미국S&P500,21060,2,110,0.53,21120.0,5.4353,64873,1370,874
0209D0,2,KODEX 전고체배터리ESS TOP2플러스,6965,2,60,0.87,6965.0,,517750,3697,867
453080,4,KIWOOM 미국나스닥100(H),22600,2,30,0.13,22762.0,7.7302,6298,142,859
130730,6,KIWOOM 단기자금,102680,5,-5,0.0,102703.0,0.6025,10228,1050,854
0066W0,5,SOL 국제금,12940,2,240,1.89,12810.0,-14.6219,126468,1633,854
329660,7,KODEX TRF5050,18145,2,40,0.22,18227.0,0.5736,14795,268,853
488720,7,WON 종합채권(AA-이상)액티브,48275,5,-165,-0.34,48288.0,-3.506,3734,180,843
108450,2,ACE 삼성그룹섹터가중,37895,2,200,0.53,38009.0,4.1601,8905,344,834
492500,7,1Q 현대차그룹채권(A+이상)&국고통안,51065,5,-35,-0.07,51074.0,0.0,162,8,828
469060,4,RISE 미국반도체NYSE,38457,2,177,0.46,39314.0,28.8765,57733,2250,827
461460,6,PLUS 국고채10년액티브,50855,5,-235,-0.46,50846.0,-4.1644,2054,104,825
0017Y0,6,1Q 종합채권(AA-이상)액티브,93280,5,-430,-0.46,93288.0,-3.749,150,14,825
0049M0,4,ACE 미국배당퀄리티+커버드콜액티브,11885,2,95,0.81,11904.0,2.0997,29727,352,820
453330,4,RISE 미국S&P500(H),17755,2,30,0.17,17790.0,5.1534,7982,141,817
438560,6,SOL 국고채3년,99855,5,-65,-0.07,99822.0,-0.5475,288,28,810
337140,2,KODEX 코스피대형주,36240,2,210,0.58,36274.0,9.1884,23003,864,797
0113D0,4,TIME 글로벌탑픽액티브,12500,2,135,1.09,12548.0,3.1706,40214,502,794
138530,2,TIGER LG그룹플러스,11300,2,295,2.68,11307.0,-3.1295,280130,3211,793
0057H0,7,PLUS 미국S&P500미국채혼합50액티브,12335,2,70,0.57,12334.0,3.448,81416,1006,789
495750,1,HANARO 코리아밸류업,32540,2,95,0.29,32569.0,14.5368,598,19,781
490480,2,SOL K방산,27285,2,395,1.47,27403.0,-32.1993,32732,904,778
0018C0,2,PLUS 고배당주위클리고정커버드콜,10790,5,-40,-0.37,10736.0,-15.1967,207324,2238,777
0194T0,2,ACE SK하이닉스단일종목레버리지,11970,5,-110,-0.91,12041.0,,1528877,20558,775
458030,6,WON 국공채머니마켓액티브,54855,2,5,0.01,54856.0,0.6699,532,29,772
0098N0,2,PLUS 자사주매입고배당주,12660,5,-50,-0.39,12681.0,-3.5167,27895,357,772
434960,1,DAISHIN343 K200,109535,2,680,0.62,109535.0,11.785,245,28,767
292190,1,KODEX KRX300,47870,2,645,1.37,47826.0,7.8763,9912,489,766
272910,6,ACE 중장기국공채액티브,105415,5,-105,-0.1,105397.0,-1.2124,9,0,755
412770,4,TIGER 글로벌AI플랫폼액티브,13065,5,-175,-1.32,13245.0,6.0048,468676,6286,753
0190Y0,4,TIGER 구글밸류체인,9480,2,170,1.83,9499.0,,46022,437,749
365040,1,TIGER AI코리아그로스액티브,35655,2,285,0.81,35641.0,8.4463,19531,711,749
210780,2,TIGER 코스피고배당,22685,2,70,0.31,22687.0,-12.3263,8297,190,749
211560,2,TIGER 배당성장,35085,5,-115,-0.33,35223.0,-6.6104,3370,120,747
228810,2,TIGER 미디어컨텐츠,3135,2,25,0.8,3147.0,-34.8709,120585,383,745
157490,2,TIGER 소프트웨어,7915,2,105,1.34,7917.0,-16.0772,147953,1194,741
0080X0,7,SOL 미국S&P500미국채혼합50,11645,2,55,0.47,11653.0,2.0043,45585,531,734
364960,2,TIGER BBIG,5915,5,-5,-0.08,5926.0,-24.7851,6827,41,725
441540,2,HANARO Fn조선해운,26315,2,770,3.01,26369.0,-24.7086,13062,346,724
453950,4,TIGER TSMC파운드리밸류체인,36945,2,1255,3.52,36702.0,13.6746,17465,647,720
359210,1,KODEX 코스피TR,35245,2,260,0.74,35277.0,6.0633,8900,325,705
0192L0,2,RISE SK하이닉스단일종목레버리지,12145,5,-65,-0.53,12170.0,,749660,10172,704
0098Z0,1,FOCUS 200,93285,2,660,0.71,92946.0,11.6027,22,2,700
0022T0,4,SOL 국제금커버드콜액티브,13445,2,260,1.97,13290.0,-14.1329,38843,521,699
475350,4,RISE 버크셔포트폴리오TOP10,15570,2,35,0.23,15600.0,9.0558,21740,339,693
277640,2,TIGER 코스피대형주,37440,2,260,0.7,37484.0,9.0944,16695,649,693
440640,6,ACE 단기채권알파액티브,112245,2,15,0.01,112245.0,0.6908,389,43,688
458750,4,TIGER 미국배당다우존스타겟커버드콜1호,13435,2,80,0.6,13440.0,6.1952,19851,266,685
475310,2,SOL 반도체후공정,24850,5,-275,-1.09,24927.0,-23.213,157412,4111,683
0040S0,4,HANARO 글로벌피지컬AI액티브,25520,2,245,0.97,25967.0,12.8852,11188,292,676
0194M0,2,ACE 삼성전자단일종목레버리지,12620,2,135,1.08,12644.0,,562932,7590,675
495940,4,RISE 미국AI테크액티브,21675,2,285,1.33,21828.0,15.0,27676,600,672
0102A0,4,TIGER 미국AI소프트웨어TOP4Plus,7790,3,0,0.0,7806.0,-2.625,145191,1130,670
0000D0,7,TIGER 엔비디아미국채커버드콜밸런스(합성),9805,2,65,0.67,9785.0,-0.3895,28654,281,667
306950,3,KODEX KRX300레버리지,83230,2,445,0.54,83296.0,3.9947,8147,732,666
0036D0,4,TIME 미국배당다우존스액티브,13170,2,70,0.53,13145.0,15.3196,83282,1095,665
0197W0,2,SOL SK하이닉스단일종목레버리지,11875,5,-30,-0.25,11903.0,,3519633,46925,665
252400,3,RISE 200선물레버리지,110570,2,1265,1.16,110198.0,9.5789,13671,1619,663
433880,7,PLUS TDF2060액티브 적격,19400,2,195,1.02,19314.0,3.057,19343,376,662
491700,1,HK 200,110200,2,1170,1.07,109532.0,12.2841,415,47,661
0008T0,2,SOL 화장품TOP3플러스,13990,5,-395,-2.75,13988.0,-11.7108,263719,3753,658
0089C0,4,KODEX 미국S&P500변동성확대시커버드콜,11935,2,180,1.53,12000.0,4.4293,1326,15,650
228800,2,TIGER 여행레저,2465,3,0,0.0,2468.0,-25.1159,136513,340,646
479730,4,TIGER 인도빌리언컨슈머,10395,2,155,1.51,10453.0,-1.0609,68594,707,644
0115E0,2,KODEX 코리아소버린AI,13270,2,295,2.27,13257.0,-10.9627,54827,745,644
123310,3,TIGER 인버스,1248,5,-4,-0.32,1249.0,-19.8464,4524613,5424,631
486830,6,HANARO 머니마켓액티브,53065,3,0,0.0,53075.0,0.7308,8161,433,630
0123S0,2,HANARO 26-12 은행채(AA+이상)액티브,10165,2,20,0.2,10155.0,0.4455,30,0,630
278620,6,PLUS 단기채권액티브,118480,2,55,0.05,118483.0,0.2921,164,19,628
261240,7,KODEX 미국달러선물,15240,2,85,0.56,15245.0,0.9324,56039,853,628
0111J0,2,HANARO 증권고배당TOP3플러스,13775,5,-160,-1.15,13781.0,-26.1206,101037,1432,627
455660,6,ACE 미국하이일드액티브(H),9495,5,-10,-0.11,9497.0,-0.2585,23835,226,627
487130,2,KoAct AI인프라액티브,27200,5,-75,-0.27,27197.0,-1.3563,12961,364,626
419890,6,KIWOOM 단기채권ESG액티브,107040,2,15,0.01,107036.0,0.2294,2,0,621
100910,1,KIWOOM KRX100,17150,2,205,1.21,17152.0,11.98,18193,320,617
476750,6,ACE 미국30년국채엔화노출액티브(H),7910,5,-25,-0.32,7919.0,-5.0325,52067,411,617
440910,4,WON 미국우주항공방산,26775,2,605,2.31,26729.0,-4.7498,17025,454,616
428510,4,KODEX 차이나AI테크액티브,26755,5,-385,-1.42,26858.0,14.8291,24481,674,615
261220,5,KODEX WTI원유선물(H),23865,2,1065,4.67,23914.0,1.3333,229365,5427,615
453640,4,KODEX 미국S&P500헬스케어,14265,2,40,0.28,14386.0,8.434,46249,663,613
304780,3,HANARO 200선물레버리지,134480,2,850,0.64,133950.0,10.0605,4154,599,605
0181L0,4,SOL 미국우주항공TOP10,7420,2,375,5.32,7351.0,-30.1092,279169,2104,605
266420,2,KODEX 헬스케어,15040,5,-260,-1.7,15091.0,-29.7682,25192,386,602
476260,2,HANARO 반도체핵심공정주도주,13095,5,-660,-4.8,13130.0,-2.4469,800806,11003,596
455960,6,RISE 미국달러SOFR금리액티브(합성),12920,2,65,0.51,12923.0,1.1408,1931,24,592
480310,4,TIGER 글로벌온디바이스AI,21130,2,285,1.37,21529.0,32.2086,17506,374,592
275980,4,TIGER 글로벌4차산업혁신기술(합성 H),22800,2,45,0.2,22985.0,2.8707,2499,56,588
298340,6,PLUS 국채선물3년,56095,5,-110,-0.2,56104.0,-0.4341,18152,1018,586
0185L0,4,TIME 글로벌휴머노이드로봇산업액티브,8175,2,100,1.24,8220.0,,89199,744,585
473640,4,HANARO 글로벌금채굴기업,29135,2,1150,4.11,28721.0,-25.3037,40476,1174,583
491220,1,PLUS 200TR,129155,2,590,0.46,128949.0,11.6354,6520,875,581
0193L0,2,PLUS 삼성전자선물단일종목인버스2X,16240,5,-175,-1.07,16234.0,,13238135,199440,578
465330,2,RISE 2차전지TOP10,9865,2,145,1.49,9864.0,-38.6566,64575,649,577
0166S0,2,PLUS K제조업핵심기업액티브,10745,2,85,0.8,10747.0,-5.0359,94091,1047,575
0118Z0,4,ACE 미국AI테크핵심산업액티브,9225,2,150,1.65,9246.0,-5.861,28229,261,572
225040,4,TIGER 미국S&P500레버리지(합성 H),64745,2,205,0.32,65029.0,8.4341,3071,199,570
114470,6,KIWOOM 국고채3년,107415,5,-35,-0.03,107374.0,-0.5793,24,2,569
360140,2,KODEX 200롱코스닥150숏선물,25710,2,350,1.38,25734.0,69.4054,201696,5221,566
0172V0,5,1Q 은액티브,8300,2,205,2.53,8189.0,-25.734,79414,658,556
401470,2,KODEX 메타버스액티브,9160,2,55,0.6,9158.0,-1.7932,6616,61,554
253150,3,PLUS 200선물레버리지,220410,2,335,0.15,219971.0,10.1356,251942,60053,551
0046Y0,4,ACE 미국배당퀄리티,13075,2,65,0.5,13085.0,2.0304,10757,140,549
385590,2,ACE ESG액티브,23685,2,285,1.22,23590.0,14.6093,236,5,545
0141S0,2,SOL 조선기자재,8570,2,450,5.54,8587.0,-39.1364,464217,4024,544
0118S0,4,SOL 미국넥스트테크TOP10액티브,11305,2,390,3.57,11371.0,-9.2672,15600,179,531
150460,2,TIGER 중국소비테마,6890,5,-105,-1.5,6912.0,-10.8783,19390,134,529
0113P0,6,HK 머니마켓액티브,102045,2,15,0.01,102043.0,0.6908,29,2,529
445150,2,KODEX 친환경조선해운액티브,27670,2,785,2.92,27654.0,-29.331,6309,175,526
256750,4,KODEX 차이나심천ChiNext(합성),17115,5,-410,-2.34,17222.0,-0.3129,21809,382,524
282000,3,RISE 국고채3년선물인버스,114895,2,190,0.17,114910.0,1.3966,3,0,517
0210E0,2,PLUS 200커버드콜액티브,7700,2,40,0.52,7709.0,,260726,2081,516
200030,4,KODEX 미국S&P500산업재(합성),45575,2,35,0.08,45675.0,2.9617,3053,138,514
275300,2,KODEX 우량주,30185,2,165,0.55,30139.0,17.7242,18913,595,513
0139P0,2,ACE 고배당주,13415,2,85,0.64,13416.0,-5.8109,25757,350,510
0132H0,4,KODEX 미국원자력SMR,8890,2,465,5.52,8760.0,-27.4335,38286,340,507
475260,6,ACE 2월만기자동연장회사채AA-이상액티브,10705,2,5,0.05,10701.0,0.4694,3301,35,504
218420,4,KODEX 미국S&P500에너지(합성),20305,2,445,2.24,20209.0,5.4419,20479,412,496
287180,4,PLUS 미국나스닥테크,58085,2,755,1.32,58057.0,22.256,9536,555,494
101280,4,KODEX 일본TOPIX100,31180,2,360,1.17,31140.0,4.5469,10739,336,493
461340,4,HANARO 글로벌생성형AI액티브,44675,2,200,0.45,45320.0,17.9213,4690,212,491
371470,4,TIGER 차이나바이오테크SOLACTIVE,8740,2,200,2.34,8732.0,-3.5029,63890,556,489
442260,1,마이티 다이나믹퀀트액티브,38085,2,185,0.49,38131.0,12.8372,3427,133,487
152500,3,ACE 레버리지,48685,2,505,1.05,48740.0,9.2021,47161,2464,487
0192M0,2,RISE 삼성전자단일종목레버리지,12675,2,175,1.4,12703.0,,340174,4601,485
472830,6,RISE 미국30년국채커버드콜(합성),8705,5,-5,-0.06,8711.0,-2.2251,36599,318,483
0086B0,2,TIGER 리츠부동산인프라TOP10액티브,9370,2,20,0.21,9354.0,-17.814,10755,100,483
442560,7,RISE TDF2040액티브 적격,16915,2,70,0.42,16796.0,4.0457,14690,249,482
473490,4,KIWOOM 글로벌AI반도체,33200,2,840,2.6,33626.0,24.3133,32254,1087,481
140950,1,파워 코스피100,85700,2,460,0.54,85798.0,13.8607,2039,182,480
336160,6,RISE 금융채액티브,100045,5,-45,-0.04,100015.0,-0.5094,287,28,474
276990,4,KODEX 글로벌로봇(합성),26705,2,415,1.58,26932.0,-2.1768,4236,113,473
0020H0,4,KoAct 글로벌양자컴퓨팅액티브,23055,2,210,0.92,23279.0,1.5559,31161,732,473
140700,2,KODEX 보험,18890,2,125,0.67,18982.0,17.8841,38723,744,472
261070,2,TIGER 코스닥150바이오테크,10485,5,-365,-3.36,10535.0,-40.9409,246612,2662,472
494840,4,TIGER 미국방산TOP10,13205,2,10,0.08,13186.0,-8.0592,14744,194,469
0178H0,7,IBK 미국AI TOP10국채혼합50,10060,2,110,1.11,9956.0,,6013,60,468
0041D0,4,KODEX 미국AI소프트웨어TOP10,12320,2,70,0.57,12336.0,-2.6995,49731,612,462
278240,3,RISE 코스닥150선물레버리지,6705,5,-100,-1.47,6677.0,-63.8609,235983,1696,462
0000Z0,2,RISE 바이오TOP10액티브,8205,5,-135,-1.62,8225.0,-44.5295,141335,1180,459
447430,2,ACE 주주환원가치주액티브,15800,2,40,0.25,15798.0,-12.3415,10748,170,458
453650,4,KODEX 미국S&P500금융,20320,2,65,0.32,20369.0,7.233,17264,350,457
475270,6,ACE 5월만기자동연장회사채AA-이상액티브,10680,5,-10,-0.09,10687.0,0.6117,106,1,445
440650,6,ACE 미국달러단기채권액티브,12365,2,55,0.45,12365.0,0.8603,43323,536,445
452250,6,ACE 미국30년국채선물레버리지(합성 H),4860,5,-65,-1.32,4881.0,-7.0755,1411,6,445
418670,4,TIGER 글로벌AI사이버보안,17630,5,-595,-3.26,17590.0,52.5104,127596,2238,444
253250,3,KIWOOM 200선물레버리지,107980,2,1070,1.0,107607.0,9.1196,23471,2682,443
401170,2,RISE 메타버스,11075,2,90,0.82,11056.0,20.5017,13412,150,441
375770,2,KODEX 탄소효율그린뉴딜,24445,2,200,0.82,24376.0,7.0873,522,13,440
196030,4,ACE 일본TOPIX레버리지(H),87050,2,355,0.41,87005.0,12.7006,275,24,435
473590,4,ACE 미국주식베스트셀러,19255,2,270,1.42,19591.0,-10.3848,102644,2000,433
238720,4,ACE 일본Nikkei225(H),48135,2,210,0.44,48001.0,12.0921,8221,399,433
0007G0,4,PLUS 글로벌원자력밸류체인,14160,2,495,3.62,14153.0,-22.2035,4735,67,432
429760,4,PLUS 미국S&P500,20495,2,125,0.61,20535.0,5.5689,3914,80,430
442090,2,에셋플러스 코리아대장장이액티브,28670,2,270,0.95,28288.0,-5.9603,2659,78,430
464470,6,PLUS 미국채30년액티브,52000,5,-35,-0.07,51970.0,-2.5192,4931,256,428
475070,4,KoAct 글로벌친환경전력인프라액티브,32865,2,575,1.78,33017.0,-9.6405,3884,128,427
407830,4,에셋플러스 글로벌플랫폼액티브,15155,2,10,0.07,15298.0,-1.4639,966,14,424
456680,4,TIGER 차이나전기차레버리지(합성),7145,5,-310,-4.16,7232.0,-38.363,7805,57,424
305050,1,ACE 코스피,70545,2,645,0.92,70621.0,5.7523,2636,193,423
0191M0,6,마이티 5월만기자동연장특수채(AAA)액티브,100370,3,0,0.0,100381.0,,0,0,416
472840,1,IBK 200,108700,2,1020,0.95,108227.0,12.062,1021,114,408
449690,4,TIGER 한중반도체(합성),54292,5,-128,-0.24,54511.0,33.317,776,43,407
0189B0,5,TIGER 은액티브,7965,2,170,2.18,7955.0,,50716,403,406
448570,1,FOCUS AI코리아액티브,29930,2,385,1.3,29941.0,4.9398,19,0,404
437070,6,KODEX 아시아달러채권ESG플러스액티브,63900,2,195,0.31,63893.0,-0.3085,311,19,404
183700,7,RISE 200채권혼합50,95950,2,180,0.19,95768.0,5.944,8392,817,403
491830,4,TIGER 미국AI반도체팹리스,23000,2,80,0.35,23463.0,29.7708,42767,1001,403
352540,7,KODEX 일본부동산리츠(H),11770,3,0,0.0,11797.0,-2.4284,4921,57,400
322410,2,HANARO K고배당,22215,2,65,0.29,22307.0,-8.575,7391,166,400
139280,2,TIGER 경기방어,11860,3,0,0.0,11883.0,-13.9349,4293,51,396
465350,3,RISE 2차전지TOP10인버스(합성),19805,5,-285,-1.42,19997.0,44.4804,47566,922,396
139320,5,TIGER 금은선물(H),17305,2,295,1.73,17036.0,-17.0649,5880,100,389
400970,2,TIGER Fn메타버스,7480,2,55,0.74,7501.0,-10.7276,8203,61,389
0141T0,6,SOL 중기종합채권(AA-이상)액티브,49990,5,-5,-0.01,50002.0,-0.3786,5,0,389
261120,7,TIGER 미국달러선물인버스2X,4615,5,-55,-1.18,4623.0,-1.2685,1638,7,388
275280,2,KODEX 모멘텀주,42600,2,175,0.41,42627.0,13.9769,10809,479,383
147970,2,TIGER 모멘텀,79525,2,1350,1.73,79408.0,-4.6184,3123,254,382
316670,1,KIWOOM 코스닥150,6275,5,-50,-0.79,6295.0,-36.2104,86841,559,379
465660,4,TIGER 일본반도체FACTSET,28025,2,75,0.27,28118.0,17.5611,39162,1142,378
498860,2,RISE 코리아금융고배당,17180,5,-85,-0.49,17204.0,-16.8298,18954,332,378
459560,4,KODEX 테슬라밸류체인FactSet,24310,2,475,1.99,24471.0,10.0874,14733,360,377
468630,6,KODEX iShares미국투자등급회사채액티브,11695,2,10,0.09,11708.0,-1.4108,47869,560,375
195930,4,TIGER 유로스탁스50(합성 H),23110,2,210,0.92,23131.0,5.5786,2784,64,370
352560,7,KODEX 미국부동산리츠(H),12685,5,-70,-0.55,12676.0,2.5341,30146,382,368
0154F0,2,WON 초대형IB&금융지주,12425,5,-95,-0.76,12474.0,-13.8471,17001,215,367
474800,4,KIWOOM 미국원유에너지기업,15840,2,170,1.08,15924.0,5.2837,85094,1353,364
292770,6,KODEX 국채선물3년인버스,57790,2,55,0.1,57816.0,1.4585,100,5,364
0100K0,2,KODEX 방산TOP10레버리지,6500,2,225,3.59,6524.0,-60.2345,336422,2252,364
276970,4,KODEX 미국S&P500배당귀족커버드콜(합성 H),7720,5,-40,-0.52,7730.0,1.2356,5541,42,363
476690,4,TIGER 글로벌비만치료제TOP2Plus,11330,2,105,0.94,11399.0,12.0553,17699,201,363
174360,4,RISE 중국본토대형주CSI100,25800,5,-35,-0.14,25915.0,1.7125,2693,70,361
138910,5,KODEX 구리선물(H),9960,2,60,0.61,9962.0,5.3191,57522,575,359
153270,1,KIWOOM 코스피100,84135,2,750,0.9,84300.0,13.3849,3054,268,353
292560,7,TIGER 일본엔선물,8400,2,10,0.12,8410.0,-1.8714,18199,152,353
104530,2,KIWOOM 코리아고배당,17110,3,0,0.0,17144.0,-16.5519,6942,120,351
365000,2,TIGER 인터넷TOP10,3505,2,35,1.01,3506.0,-28.6039,306529,1094,351
0112X0,1,마이티 200TR,41135,2,300,0.73,40824.0,12.3229,7207,306,350
256440,4,ACE MSCI인도네시아(합성),5725,2,35,0.62,5752.0,-21.8944,39604,227,349
099140,4,KODEX 차이나H,22530,5,-340,-1.49,22525.0,-4.5076,6508,147,349
415340,4,KODEX 차이나과창판STAR50(합성),16865,5,-250,-1.46,17065.0,33.7631,46165,809,349
252710,3,TIGER 200선물인버스2X,107,5,-2,-1.83,107.0,-43.5234,91920684,9069,348
322400,2,HANARO e커머스,10180,2,115,1.14,10103.0,-15.9289,1280,13,346
491090,4,KODEX 미국테크TOP3플러스,18610,2,50,0.27,18651.0,7.7181,54522,1015,344
0085N0,6,ACE 미국10년국채액티브(H),9820,5,-20,-0.2,9813.0,-1.4476,19042,186,344
241390,7,RISE V&S셀렉트밸류채권혼합,15590,2,140,0.91,15562.0,-3.5248,3417,53,343
276650,4,RISE 글로벌테크놀로지(합성 H),45465,2,465,1.03,45520.0,9.823,297,13,341
105780,2,RISE 5대그룹주,16955,2,250,1.5,16947.0,11.7781,11534,203,339
271060,5,KODEX 3대농산물선물(H),8390,2,80,0.96,8394.0,0.3623,66708,558,337
494340,4,ACE 글로벌AI맞춤형반도체,21025,2,360,1.74,21492.0,18.6961,12888,276,336
464920,4,PLUS 일본반도체소부장,26740,2,20,0.07,26797.0,10.3852,13679,377,334
415920,5,PLUS 글로벌희토류&전략자원생산기업,7095,2,75,1.07,7110.0,-31.6303,27870,199,333
122260,6,KIWOOM 통안채1년,103840,2,5,0.0,103853.0,0.4935,25,2,332
139270,2,TIGER 200 금융,16885,5,-25,-0.15,16892.0,-0.4343,22292,382,331
459750,4,RISE 글로벌주식분산액티브,18900,2,300,1.61,18772.0,3.3907,4385,82,331
449780,4,KIWOOM 미국S&P500(H),18330,2,25,0.14,18365.0,4.6584,7880,144,330
385520,2,KODEX 자율주행액티브,15710,2,540,3.56,15705.0,-11.9086,7667,123,330
494410,4,PLUS 미국S&P500성장주,14875,2,160,1.09,14925.0,6.4723,847,12,327
450190,4,KODEX 한중반도체(합성),54365,5,-315,-0.58,54977.0,32.8151,2951,165,326
476070,4,KODEX 글로벌비만치료제TOP2 Plus,11850,2,110,0.94,11881.0,10.8948,7946,94,326
245350,4,TIGER 유로스탁스배당30,20355,5,-15,-0.07,20348.0,3.62,2538,51,326
192720,2,파워 고배당저변동성,56820,5,-115,-0.2,57044.0,-4.7644,1879,108,324
0164G0,4,RISE 차이나AI반도체TOP4Plus,15400,5,-285,-1.82,15465.0,38.3767,138023,2203,323
380340,2,ACE 코리아AI테크핵심산업,26855,2,480,1.82,26848.0,13.9867,59507,1672,322
0138T0,4,RISE 미국S&P500데일리고정커버드콜,10070,2,60,0.6,10091.0,5.4106,27796,279,322
0204S0,1,TIGER 코스닥액티브,6650,5,-350,-5.0,6663.0,,160702,1114,321
496770,4,PLUS 글로벌방산,17770,2,50,0.28,17809.0,-10.0777,11930,211,320
0186S0,7,1Q 코스닥150채권혼합50액티브,7880,5,-50,-0.63,7905.0,,250833,2018,319
0013R0,7,RISE 테슬라미국채타겟커버드콜혼합(합성),8860,2,100,1.14,8811.0,-2.5751,20070,177,319
261140,2,TIGER 우선주,23745,2,540,2.33,23697.0,-8.5603,20303,491,318
395170,2,KODEX Top10동일가중,15895,2,260,1.66,15931.0,-5.8413,17557,289,318
0107F0,4,KIWOOM 미국고배당&AI테크,12410,2,35,0.28,12464.0,8.3235,9217,114,316
387270,4,TIGER 글로벌이노베이션액티브,26085,2,215,0.83,26251.0,7.7916,11275,300,316
426150,6,WON 대한민국국고채액티브,50735,5,-275,-0.54,50755.0,-6.7374,694,35,316
0203S0,7,WON 삼성전자현대차채권혼합50,8630,2,95,1.11,8638.0,,63368,556,315
395290,2,HANARO Fn K-POP&미디어,5030,5,-15,-0.3,5030.0,-28.5917,95844,487,314
446690,4,KODEX 아시아AI반도체exChina액티브,62780,2,995,1.61,62830.0,15.3894,19922,1289,314
275290,2,KODEX 가치주,34690,2,85,0.25,34654.0,18.6606,1360,48,312
156080,1,KODEX MSCI Korea,51920,2,300,0.58,51872.0,14.2111,2647,138,312
266360,2,KODEX K콘텐츠,9695,2,10,0.1,9697.0,-19.2978,9987,98,310
0155M0,4,ACE 미국SMR원자력TOP10,7470,2,420,5.96,7393.0,-24.4373,30370,227,310
248270,4,TIGER S&P글로벌헬스케어(합성),27155,2,470,1.76,26957.0,5.4743,10220,274,310
0089B0,7,PLUS 미국나스닥100미국채혼합50,11890,2,65,0.55,11940.0,4.908,40503,482,309
0023B0,4,PLUS 미국양자컴퓨팅TOP10,15665,2,255,1.65,15718.0,-9.3518,28328,448,305
450910,1,SOL 코스닥150,12300,5,-85,-0.69,12353.0,-36.4083,25172,319,305
0198A0,2,KIWOOM 코스닥150커버드콜액티브,8445,5,-50,-0.59,8435.0,,407329,3531,304
475380,7,RISE 글로벌리얼티인컴,11230,2,75,0.67,11194.0,-4.4405,3293,36,303
459790,4,KIWOOM 미국성장기업30액티브,21610,2,230,1.08,21703.0,4.7012,2041,44,303
469790,2,KIWOOM 코리아테크TOP10,42865,2,455,1.07,42855.0,27.8156,3417,152,300
0198D0,2,1Q SK하이닉스선물단일종목레버리지,12505,5,-65,-0.52,12495.0,,553097,7785,294
227540,2,TIGER 200 헬스케어,17300,5,-110,-0.63,17317.0,-19.7823,7455,130,294
145850,2,TREX 펀더멘탈 200,117395,2,2040,1.77,115817.0,13.3371,1,0,293
469050,4,RISE 미국반도체NYSE(H),32605,5,-75,-0.23,33393.0,28.2453,22757,758,293
0137W0,4,KIWOOM 미국S&P500&GOLD,10795,2,55,0.51,10849.0,3.4675,7879,85,291
0083S0,4,1Q 미국메디컬AI,9940,2,100,1.02,10024.0,-6.7299,82602,823,288
269420,4,KODEX S&P글로벌인프라(합성),24245,5,-15,-0.06,24305.0,0.2562,1947,47,288
437350,6,RISE 미국단기투자등급회사채액티브,13030,2,40,0.31,13033.0,0.3088,32359,421,287
0067V0,4,TIGER 차이나글로벌리더스TOP3+,10780,5,-235,-2.13,10828.0,-1.1221,19120,208,286
261250,7,KODEX 미국달러선물레버리지,18210,2,150,0.83,18244.0,1.0632,35260,642,284
245360,4,TIGER 차이나HSCEI,12900,5,-120,-0.92,12916.0,-5.34,5181,67,284
489290,4,WON 미국빌리어네어,15320,5,-215,-1.38,15426.0,-1.8016,3799,58,283
0065G0,4,KODEX 차이나테크TOP10,9720,5,-375,-3.71,9781.0,-1.1251,84523,848,282
414270,4,ACE 글로벌자율주행액티브,12810,2,170,1.34,12814.0,-5.7069,102767,1317,282
419430,4,KODEX 차이나2차전지MSCI(합성),10025,2,200,2.04,9920.0,-23.1221,2138,21,281
477730,4,KODEX 인도타타그룹,7890,2,30,0.38,7888.0,-8.8606,1784,14,280
289480,3,TIGER 200커버드콜,12105,2,105,0.88,11965.0,7.2327,37068,455,278
0218J0,7,RISE 미국우주&로봇TOP2미국채혼합50,9265,2,75,0.82,9330.0,,113541,1056,278
0198B0,2,1Q 삼성전자선물단일종목레버리지,13000,2,130,1.01,13038.0,,180677,2522,278
0155N0,2,HANARO K휴머노이드테마TOP10,7360,2,710,10.68,7365.0,-27.7959,272562,2049,276
440340,7,TIGER 글로벌멀티에셋TIF액티브,12800,2,130,1.03,12810.0,1.2892,6867,87,275
0166N0,1,PLUS 코스닥150액티브,7240,5,-95,-1.3,7229.0,-35.0033,30351,226,275
493420,4,SOL 미국배당다우존스2호,13080,2,80,0.62,13057.0,6.5088,12875,168,275
223190,2,KODEX 200가치저변동,27380,2,365,1.35,27343.0,1.5557,696,19,274
0152E0,2,SOL 배당성향탑픽액티브,11060,5,-25,-0.23,11093.0,-8.3239,25830,290,271
0184E0,7,1Q 200채권혼합50액티브,10895,2,30,0.28,10928.0,7.2556,92988,1035,267
461600,6,SOL 미국30년국채액티브(H),8425,5,-45,-0.53,8445.0,-3.1447,48896,411,265
0097L0,7,KIWOOM 한국고배당&미국AI테크,12835,2,45,0.35,12868.0,-1.4266,8106,104,263
167860,6,KIWOOM 국고채10년레버리지,90640,5,-635,-0.7,90414.0,-8.93,10,0,263
0093D0,7,KoAct 팔란티어밸류체인액티브,18090,2,175,0.98,18342.0,13.3502,29201,535,262
483570,4,KCGI 미국S&P500 TOP10,16320,5,-105,-0.64,16393.0,3.0103,2372,38,261
261060,2,TIGER 코스닥150IT,21740,5,-315,-1.43,21774.0,-21.5417,31812,726,261
0047R0,4,RISE 팔란티어고정테크100,14820,5,-110,-0.74,14871.0,6.149,8211,121,259
185680,4,KODEX 미국S&P바이오(합성),48670,2,585,1.22,48916.0,10.7821,989,48,259
0150K0,2,KoAct 수소전력ESS인프라액티브,9140,2,225,2.52,9135.0,-42.9258,55119,514,256
0223R0,4,TIGER 미국테크NYSE100액티브,10215,2,150,1.49,10412.0,,1416874,14700,255
469160,4,ACE 일본반도체,28190,2,40,0.14,28423.0,17.6593,73176,2140,254
496120,1,ACE 코리아밸류업,33805,2,140,0.42,33850.0,16.7074,2108,72,254
280930,4,KODEX 미국러셀2000(H),16860,2,80,0.48,16920.0,4.9734,2138,36,253
411540,1,SOL 200 Top10,16785,2,95,0.57,16789.0,-5.7387,11765,200,252
0115C0,4,RISE 미국고배당다우존스TOP10,11420,2,70,0.62,11419.0,2.0341,17660,201,251
277540,4,ACE 아시아TOP50,33445,2,100,0.3,33249.0,11.8959,990,33,251
117460,2,KODEX 에너지화학,12780,2,240,1.91,12751.0,-27.5653,21405,278,250
138230,7,KIWOOM 미국달러선물,17255,2,55,0.32,17281.0,1.0279,601,10,250
0049K0,7,ACE 미국배당퀄리티채권혼합50,11360,2,10,0.09,11366.0,1.3753,17077,193,250
388280,2,RISE K엔터&여행레저,7480,5,-70,-0.93,7471.0,-6.3219,4640,35,248
0186L0,4,KoAct 미국로봇피지컬AI액티브,10515,2,380,3.75,10509.0,,36144,381,247
0192T0,2,SOL 코스닥TOP10,6225,2,40,0.65,6237.0,,339570,2169,246
0193G0,1,KoAct 코스피액티브,8460,2,55,0.65,8472.0,,437194,3842,245
292500,1,SOL KRX300,48800,2,115,0.24,48852.0,9.1043,119,5,244
0206G0,7,1Q 현대차기아채권혼합50,8510,2,130,1.55,8519.0,,275725,2370,243
159800,1,마이티 코스피100,86500,2,725,0.85,86554.0,13.1531,894,78,242
292160,1,TIGER KRX300,48000,2,215,0.45,47971.0,9.0841,5824,282,240
289250,2,TIGER MSCI KOREA ESG유니버설,34690,2,480,1.4,34707.0,17.6262,412,14,239
228820,1,TIGER KTOP30,18310,2,225,1.24,18317.0,3.8038,4845,91,238
438320,4,TIGER 차이나항셍테크레버리지(합성 H),5400,5,-330,-5.76,5417.0,-14.2858,52134,289,237
300950,2,KODEX 게임산업,5385,5,-20,-0.37,5382.0,-19.688,39457,216,237
433220,4,에셋플러스 글로벌대장장이액티브,31995,2,540,1.72,32289.0,-2.6463,53682,1729,237
195970,4,PLUS 선진국MSCI(합성 H),16120,2,145,0.91,16111.0,0.2824,3758,60,235
204450,4,KODEX 차이나H레버리지(H),2225,5,-75,-3.26,2227.0,-14.4982,187417,420,234
0103T0,2,1Q K소버린AI,7775,2,145,1.9,7775.0,-19.8152,52949,421,233
364690,1,KODEX 혁신기술테마액티브,38810,2,375,0.98,38983.0,8.0954,655,26,233
479850,2,HANARO K-뷰티,15515,5,-525,-3.27,15516.0,-4.9645,31025,490,233
463300,4,RISE 중국본토CSI300,14480,5,-30,-0.21,14576.0,2.8348,2519,36,232
416090,4,ACE 중국과창판STAR50,15395,5,-5,-0.03,15426.0,30.1775,35895,566,231
368190,2,HANARO Fn K-뉴딜디지털플러스,7185,2,100,1.41,7068.0,-25.7338,2562,18,230
0047P0,4,RISE 테슬라고정테크100,15250,2,30,0.2,15323.0,6.2792,5687,87,229
0220B0,1,DS 코스닥액티브,10345,5,-445,-4.12,10365.0,,728410,8011,228
0026E0,4,KODEX 미국S&P500버퍼3월액티브,12240,3,0,0.0,12352.0,2.8571,1125,13,226
471460,6,KIWOOM 국고채30년액티브,45140,5,-455,-1.0,45166.0,-16.0918,5475,248,226
139250,2,TIGER 200 에너지화학,16840,2,455,2.78,16899.0,-13.6093,37621,653,226
457690,6,KODEX 33-06 국고채액티브,10400,5,-35,-0.34,10397.0,-2.9303,6472,67,225
497780,4,KoAct 미국천연가스인프라액티브,11500,2,75,0.66,11558.0,4.026,7868,90,224
169950,4,KODEX 차이나A50,27935,2,10,0.04,28013.0,0.1254,2420,67,223
0153X0,4,PLUS 미국고배당주액티브,11420,2,90,0.79,11408.0,2.3785,74028,844,223
367740,2,HANARO Fn5G산업,40430,2,260,0.65,40542.0,7.5268,1663,69,222
376410,2,TIGER 탄소효율그린뉴딜,24370,2,340,1.41,24118.0,7.4543,427,10,219
091220,2,TIGER 은행,16600,5,-10,-0.06,16624.0,0.1329,36327,612,219
0144M0,4,KODEX 미국드론UAM TOP10,7805,2,115,1.5,7860.0,-12.2647,25675,201,219
225130,4,ACE 골드선물 레버리지(합성 H),43640,2,1385,3.28,43602.0,-31.1528,2526,109,218
239660,6,PLUS 우량회사채50,121180,5,-40,-0.03,121180.0,0.3061,616,74,218
229720,1,KODEX KTOP30,36335,2,550,1.54,36310.0,3.3909,5602,209,218
442550,7,RISE TDF2030액티브 적격,15030,2,30,0.2,14938.0,1.9714,4027,60,218
108590,1,TREX 200,108415,2,785,0.73,108393.0,11.7496,71,7,217
375760,2,HANARO 탄소효율그린뉴딜,24020,2,35,0.15,24070.0,7.8497,2154,54,216
300640,2,RISE 게임테마,6145,5,-35,-0.57,6143.0,-21.6827,3377,20,215
0190M0,4,KIWOOM 미국AI테크하이베타,9145,2,250,2.81,9319.0,,103260,969,215
415760,4,SOL 차이나육성산업액티브(합성),15680,5,-90,-0.57,15895.0,31.5811,32757,528,213
464600,2,SOL 자동차소부장Fn,22410,2,910,4.23,22400.0,5.0393,13994,321,213
117680,2,KODEX 철강,10445,2,220,2.15,10446.0,-38.4946,8092,85,212
489000,6,PLUS 일본엔화초단기국채(합성),9585,3,0,0.0,9594.0,-2.044,60482,579,211
481340,6,RISE 미국30년국채액티브,9355,5,-5,-0.05,9348.0,-3.4664,25287,236,210
364990,2,TIGER 게임TOP10,4590,5,-5,-0.11,4598.0,-19.9085,141697,659,209
0177A0,2,WON 두산그룹포커스,8285,2,385,4.87,8293.0,-27.256,103011,883,207
337120,2,KODEX 멀티팩터,34520,2,25,0.07,34622.0,9.1176,370,13,207
461450,1,KODEX 코스닥글로벌,13760,5,-35,-0.25,13748.0,-30.0138,18161,258,206
404260,2,KODEX 기후변화솔루션,22770,2,800,3.64,22597.0,-11.4743,1557,36,205
0127R0,4,RISE 미국AI클라우드인프라,17035,2,195,1.16,17370.0,7.5351,15948,278,204
152380,6,KODEX 국채선물10년,64225,5,-285,-0.44,64188.0,-4.3163,748,48,204
0209Z0,2,ACE 코리아AI전력TOP10,6695,2,175,2.68,6709.0,,948694,6560,204
253290,7,RISE 헬스케어채권혼합,11260,5,-55,-0.49,11343.0,-10.8109,13482,153,203
289040,2,KODEX MSCI KOREA ESG유니버설,33720,2,750,2.27,33209.0,15.4145,58,1,202
0104P0,2,TIGER 코리아배당다우존스위클리커버드콜,11150,2,90,0.81,11161.0,-6.7776,27490,309,201
483330,4,ACE 마이크로소프트밸류체인액티브,14295,2,70,0.49,14286.0,5.0978,9917,141,200
445910,2,TIGER MKF배당귀족,20000,2,135,0.68,19971.0,-9.102,1916,38,200
468370,6,KODEX iShares미국인플레이션국채액티브,11585,2,35,0.3,11579.0,-0.1385,15851,183,199
461910,4,PLUS 미국테크TOP10레버리지(합성),39585,2,525,1.34,40042.0,-0.8378,373,14,198
407310,1,HANARO 200 TOP10,16425,2,90,0.55,16429.0,-5.8691,7843,131,197
381560,2,HANARO Fn전기&수소차,17075,2,390,2.34,17072.0,0.7846,18023,313,196
217770,5,TIGER 원유선물인버스(H),1309,5,-55,-4.03,1302.0,-7.7756,827045,1090,196
236350,4,TIGER 인도니프티50레버리지(합성),31595,5,-385,-1.2,31492.0,-9.1478,2936,92,196
0220A0,7,KIWOOM 현대차그룹TOP3채권혼합50,9690,2,160,1.68,9708.0,,91492,896,194
371450,4,TIGER 글로벌클라우드컴퓨팅INDXX,12660,5,-215,-1.67,12720.0,22.0957,5336,67,192
226980,1,KODEX 200 중소형,21365,2,200,0.94,21367.0,-23.2223,4028,87,192
0051A0,4,KoAct 브로드컴밸류체인액티브,25605,2,310,1.23,25988.0,13.4559,7182,186,192
487950,4,KODEX 대만테크고배당다우존스,13225,2,260,2.01,13282.0,7.6669,31083,411,192
219390,4,RISE 미국S&P원유생산기업(합성 H),7820,2,290,3.85,7752.0,5.536,66892,520,192
0203R0,6,WON 중단기종합채권(A-이상)액티브,50190,3,0,0.0,50198.0,,0,0,191
213630,4,PLUS 미국다우존스고배당주(합성 H),20715,5,-350,-1.66,20865.0,6.014,14583,303,191
447660,7,PLUS 애플채권혼합,14065,2,35,0.25,14065.0,6.5707,58793,828,190
460660,4,RISE 미국S&P배당킹,12600,5,-85,-0.67,12562.0,7.7103,12124,152,189
0192S0,7,SOL 코스피200채권혼합50,9420,2,20,0.21,9421.0,,236782,2281,188
284980,2,RISE 200금융,22390,5,-125,-0.56,22495.0,-0.7783,8968,205,188
304760,1,HANARO KRX300,46955,2,80,0.17,47043.0,9.2902,103,5,188
391670,1,HK 베스트일레븐액티브,28750,2,630,2.24,28345.0,19.3445,204,5,187
417630,2,TIGER KEDI혁신기업ESG30,17780,2,90,0.51,17820.0,-11.2882,4049,72,187
419650,4,PLUS 글로벌수소&차세대연료전지,5645,2,240,4.44,5604.0,-8.7044,6736,38,186
0221Z0,2,ACE K바이오코스닥액티브,9300,5,-195,-2.05,9358.0,,434445,4138,186
183710,7,RISE 주식혼합,92980,2,640,0.69,92641.0,10.2441,189,18,186
461900,4,PLUS 미국테크TOP10,23200,2,30,0.13,23288.0,1.1555,4875,113,186
474920,4,에셋플러스 차이나일등기업포커스10액티브,19745,5,-250,-1.25,19690.0,19.3375,244,4,186
449580,7,RISE 테슬라애플아마존채권혼합,16800,2,35,0.21,16812.0,1.4523,24194,393,185
304770,1,HANARO 코스닥150,12585,5,-110,-0.87,12634.0,-36.1748,31116,404,184
0018Z0,4,RISE 미국양자컴퓨팅,18320,2,285,1.58,18284.0,-1.4212,3391,62,183
477490,4,에셋플러스 글로벌일등기업포커스10액티브,20345,2,295,1.47,20427.0,2.3742,10498,213,183
445690,2,BNK 주주가치액티브,30375,2,425,1.42,29906.0,-1.3505,36,1,182
332620,6,PLUS 미국장기우량회사채,96015,2,25,0.03,95985.0,-2.181,916,87,180
453630,4,KODEX 미국S&P500필수소비재,13165,5,-40,-0.3,13189.0,3.9741,9390,123,178
227830,1,PLUS 코스피,70525,2,560,0.8,70415.0,6.09,1544,112,176
195920,4,TIGER 일본TOPIX(합성 H),34695,2,200,0.58,34775.0,5.9591,284,9,173
291130,4,ACE MSCI멕시코(합성),19205,2,285,1.51,19401.0,-6.3367,197,3,173
0193K0,2,PLUS 삼성전자단일종목레버리지,13810,2,340,2.52,13733.0,,101555,1496,173
289260,2,TIGER MSCI KOREA ESG리더스,28690,2,365,1.29,28563.0,16.3153,5221,150,172
292050,1,RISE KRX300,49140,2,345,0.71,49080.0,8.8585,1412,71,172
0194R0,2,KIWOOM SK하이닉스선물단일종목레버리지,11655,5,-100,-0.85,11671.0,,457900,6042,172
0086C0,7,TIGER 리츠부동산인프라10채권혼합액티브,9735,5,-30,-0.31,9726.0,-8.0518,2204,21,170
385600,2,ACE 2차전지&친환경차액티브,11310,2,315,2.86,11299.0,-12.8357,8958,103,170
0028X0,4,KODEX 미국금융테크액티브,12080,5,-20,-0.17,12129.0,3.2989,5340,64,169
453010,7,PLUS KOFR금리,109515,2,5,0.0,109523.0,0.6202,3184,348,169
0207Z0,4,KIWOOM 미국우주데이터센터인프라,7445,2,170,2.34,7437.0,,9996,75,168
453820,4,KODEX 인도Nifty50레버리지(합성),12850,5,-85,-0.66,12843.0,-9.26,7634,98,167
404120,2,TIME K신재생에너지액티브,23750,2,590,2.55,23654.0,-12.1397,1704,41,166
432840,4,HANARO 미국S&P500,20700,2,175,0.85,20705.0,5.2484,6812,140,166
250730,4,RISE 차이나HSCEI(H),9740,5,-40,-0.41,9741.0,-6.277,1332,13,166
494420,2,PLUS 미국배당증가성장주데일리커버드콜,9740,2,70,0.72,9723.0,2.8043,13177,128,166
276000,4,TIGER 글로벌자원생산기업(합성 H),19435,2,275,1.44,19607.0,-7.3501,693,13,165
488290,4,MIDAS 일본테크액티브,46820,2,15,0.03,47469.0,14.2839,9605,462,164
280320,4,ACE 미국IT인터넷(합성 H),20335,2,55,0.27,20332.0,2.2435,25,0,163
225060,4,TIGER 이머징마켓MSCI레버리지(합성 H),15325,2,45,0.29,15463.0,-0.908,377,5,162
0000H0,2,KODEX 인도Nifty미드캡100,11040,5,-10,-0.09,11027.0,1.2376,953,10,160
0105D0,2,SOL 한국AI소프트웨어,8835,2,185,2.14,8846.0,-15.8203,49041,444,159
491510,2,파워 K-주주가치액티브,17560,2,130,0.75,17624.0,-6.7666,170,3,158
265690,4,ACE 러시아MSCI(합성),8535,3,0,0.0,48.0,0.0,0,0,158
130680,5,TIGER 원유선물Enhanced(H),6990,2,305,4.56,7010.0,2.2953,116539,807,157
131890,2,ACE 삼성그룹동일가중,38815,2,340,0.88,38813.0,3.2288,2101,83,155
379790,4,RISE 유로스탁스50(H),17245,2,140,0.82,17308.0,5.3912,7179,124,155
0216Z0,2,ACE K방산TOP5+,8360,2,155,1.89,8407.0,,412950,3529,155
413930,2,WON AI ESG액티브,27850,2,380,1.38,27929.0,8.2774,284,8,153
396510,4,TIGER 차이나클린에너지SOLACTIVE,7650,2,65,0.86,7803.0,-16.3266,4489,34,153
0153P0,2,ACE 리츠부동산인프라액티브,9395,5,-65,-0.69,9361.0,-12.8318,3742,35,150
114460,6,ACE 국고채3년,100150,5,-100,-0.1,100153.0,-0.6199,85,8,150
0013P0,4,RISE 미국은행TOP10,13645,2,205,1.53,13759.0,9.477,33254,455,150
464610,2,SOL 의료기기소부장Fn,7320,5,-200,-2.66,7325.0,-22.7943,34276,255,150
337150,2,KODEX 200exTOP,24840,2,345,1.41,24761.0,-9.5949,616,15,149
0104G0,2,PLUS K방산레버리지,6300,2,200,3.28,6313.0,-61.7921,119545,768,148
0207G0,2,SOL 우주항공밸류체인,5800,2,105,1.84,5801.0,,148724,896,148
387280,2,TIGER 퓨처모빌리티액티브,10885,2,360,3.42,10894.0,-21.9228,14605,161,145
419420,4,KODEX 미국클린에너지나스닥,10335,2,300,2.99,10352.0,-5.5996,1497,15,145
417450,4,RISE 글로벌수소경제,16980,2,800,4.94,17145.0,-2.5302,2403,41,144
244620,2,KODEX 모멘텀Plus,20470,5,-135,-0.66,20402.0,-4.3846,3162,66,143
104520,2,KIWOOM 블루칩,14295,2,90,0.63,14295.0,-7.9489,350,5,143
435040,4,ACE 글로벌브랜드TOP10,19995,2,175,0.88,20033.0,1.9292,1476,29,140
234310,2,RISE V&S셀렉트밸류,27810,2,320,1.16,27742.0,-5.3982,10716,303,139
0127T0,4,KIWOOM 미국S&P500&배당다우존스비중전환,11560,2,70,0.61,11554.0,5.7789,3493,40,139
496130,1,TRUSTON 코리아밸류업액티브,25650,2,70,0.27,25663.0,7.3436,433,11,139
0127V0,4,KIWOOM 미국S&P500 TOP10&배당다우비중전환,11080,5,-25,-0.23,11119.0,3.5814,1653,18,139
102960,2,KODEX 기계장비,12895,2,405,3.24,12931.0,-32.1031,4772,62,137
489860,4,KIWOOM 글로벌전력GRID인프라,16070,2,230,1.45,16107.0,-3.1823,2417,38,137
404650,2,SOL KRX기후변화솔루션,22625,2,625,2.84,22597.0,-11.326,62,1,136
438900,2,HANARO Fn K-푸드,10420,5,-45,-0.43,10434.0,-14.2164,8398,88,135
0004G0,4,1Q 미국배당TOP30,9590,2,85,0.89,9592.0,3.9901,3502,33,134
0088N0,2,WON K-글로벌수급상위,9940,5,-55,-0.55,9946.0,-28.2999,7198,74,134
484890,6,SOL 머니마켓액티브,52375,2,10,0.02,52370.0,0.6535,4181,218,134
266390,2,KODEX 경기소비재,14870,2,200,1.36,14720.0,26.4809,630,9,134
269370,4,TIGER S&P글로벌인프라(합성),19045,2,95,0.5,18963.0,0.6885,1141,21,133
0008E0,4,ACE 미국중심중소형제조업,13995,2,295,2.15,14038.0,-2.4217,167,2,133
472720,1,TRUSTON 주주가치액티브,25465,2,120,0.47,25449.0,-4.986,852,22,132
435550,7,KIWOOM TDF2050액티브 적격,18885,2,165,0.88,18894.0,4.6394,1998,37,132
269530,4,PLUS S&P글로벌인프라,22020,5,-15,-0.07,22102.0,-0.0198,2262,50,132
400570,4,KODEX 유럽탄소배출권선물ICE(H),11410,5,-200,-1.72,11481.0,10.9942,2017,23,131
463640,4,KODEX 미국S&P500유틸리티,15415,2,25,0.16,15469.0,-1.5052,2080,31,131
137610,5,TIGER 농산물선물Enhanced(H),5450,2,30,0.55,5458.0,2.3607,6735,36,131
0015F0,7,KIWOOM 팔란티어미국30년국채혼합액티브(H),10010,5,-30,-0.3,10040.0,-3.0666,4008,40,130
395760,2,PLUS ESG성장주액티브,21680,2,940,4.53,20828.0,1.958,135,2,130
465670,4,TIGER 미국캐시카우100,16260,2,50,0.31,16266.0,6.8067,3062,49,130
332610,6,PLUS 미국단기회사채(AAA~A),134740,2,615,0.46,134767.0,0.7439,253,34,129
453660,4,KODEX 미국S&P500경기소비재,18315,2,70,0.38,18365.0,-4.0463,1558,28,128
428560,4,KODEX 미국ETF산업Top10 Indxx,15950,5,-605,-3.65,16050.0,1.0376,3501,55,128
354240,7,RISE 미국고정배당우선증권,11485,2,45,0.39,11471.0,-1.8448,4111,47,126
279540,2,KODEX 최소변동성,21035,2,670,3.29,20475.0,-5.1316,2,0,126
280920,2,PLUS 주도업종,22810,2,720,3.26,22873.0,-7.61,4283,99,125
266410,2,KODEX 필수소비재,8870,5,-100,-1.11,8876.0,-9.6506,8751,78,124
363510,6,SOL KIS단기통안채,111840,5,-5,0.0,111846.0,0.58,1,0,124
453060,6,HANARO KOFR금리액티브(합성),111055,2,10,0.01,111062.0,0.6389,8,0,122
290080,3,RISE 200고배당커버드콜ATM,6935,2,60,0.87,6928.0,-17.3668,30491,209,121
0208N0,1,IBK 코스피액티브,7575,3,0,0.0,7584.0,,5349,41,121
300610,2,TIGER K게임,5155,2,10,0.19,5142.0,-22.8303,4738,24,121
140580,2,RISE 우량업종대표주,24165,2,535,2.26,24126.0,-7.3711,9233,228,121
0084E0,7,KIWOOM 미국대형주500월간목표헤지액티브,10940,2,50,0.46,10922.0,3.4967,40,0,120
487750,2,BNK 온디바이스AI,29910,5,-55,-0.18,29896.0,9.8222,3516,109,120
457700,6,KODEX 53-09 국고채액티브,9030,5,-85,-0.93,9025.0,-14.6536,1150,10,119
0090B0,2,PLUS K방산소부장,6765,2,70,1.05,6745.0,-52.4369,56888,392,118
371870,4,ACE 차이나항셍테크,7360,5,-150,-2.0,7357.0,-5.1169,3468,25,118
494180,4,TIME 글로벌소비트렌드액티브,13835,5,-160,-1.14,13848.0,-0.0358,10323,143,118
360150,2,KODEX 코스닥150롱코스피200숏선물,2865,5,-20,-0.69,2861.0,-46.3755,13952,39,117
448490,6,HANARO 32-10 국고채액티브,52390,5,-220,-0.42,52376.0,-4.3281,422,22,117
0093B0,4,RISE 엔비디아고정테크100,13025,2,45,0.35,13103.0,7.4851,10262,133,117
0067Y0,4,TIGER 차이나AI소프트웨어,11155,5,-340,-2.96,11275.0,-11.577,62613,714,117
485810,4,TIME 글로벌바이오액티브,11090,2,120,1.09,11072.0,7.8662,3924,43,116
0094L0,4,RISE 차이나테크TOP10위클리타겟커버드콜,8285,5,-410,-4.72,8564.0,-7.1963,11570,96,116
451150,4,에셋플러스 글로벌영에이지액티브,18690,5,-25,-0.13,18754.0,0.2678,7,0,116
251590,2,PLUS 고배당저변동50,16525,5,-85,-0.51,16567.0,-10.5213,5610,93,116
166400,3,TIGER 200커버드콜OTM,22900,2,175,0.77,22908.0,3.4127,2283,53,115
451600,6,PLUS 국고채30년액티브,83300,5,-890,-1.06,83279.0,-15.5313,507,42,114
0133E0,4,TIGER 차이나증권,9475,2,110,1.17,9510.0,3.8248,3829,36,114
409810,4,KODEX 미국나스닥100선물인버스(H),5635,2,10,0.18,5592.0,-8.0131,48745,273,113
407820,2,에셋플러스 코리아플랫폼액티브,6245,5,-5,-0.08,6172.0,-28.161,8038,50,112
456250,4,KODEX 유럽명품TOP10 STOXX,9740,5,-40,-0.41,9762.0,-0.3033,6125,59,112
430500,7,KIWOOM 물가채KIS,111805,5,-460,-0.41,111752.0,-1.9135,428,47,112
0194N0,2,KIWOOM 삼성전자선물단일종목레버리지,12415,2,115,0.93,12454.0,,138696,1862,112
0068M0,4,KODEX 미국S&P500버퍼6월액티브,12380,2,85,0.69,12414.0,2.942,10,0,111
373490,2,KODEX 코리아혁신성장액티브,24445,2,615,2.58,24430.0,-16.6248,241,6,110
354350,4,HANARO 글로벌럭셔리S&P(합성),20935,2,60,0.29,21180.0,1.0895,374,7,109
460270,6,KIWOOM 미국달러SOFR금리액티브(합성),13400,2,65,0.49,13391.0,1.3683,551,7,109
0002C0,4,에셋플러스 인도일등기업포커스20액티브,9920,5,-5,-0.05,10008.0,2.637,11048,110,107
487910,4,ACE 인도컨슈머파워액티브,8880,2,35,0.4,8880.0,-0.5622,1083,9,107
252650,1,KODEX 200동일가중,17740,2,485,2.81,17532.0,-16.2006,278,4,106
0113G0,4,KoAct 미국바이오헬스케어액티브,11195,2,40,0.36,11328.0,7.4662,15729,176,106
310080,4,RISE 중국MSCI China(H),9240,5,-175,-1.86,9228.0,-7.6509,1471,13,106
181480,7,ACE 미국부동산리츠(합성 H),87425,5,-575,-0.65,87187.0,2.1688,5558,486,105
140710,2,KODEX 운송,6095,2,70,1.16,6109.0,-14.0448,3199,19,104
399580,4,RISE 글로벌클린에너지,10320,2,100,0.98,10377.0,-5.8932,3099,32,103
117690,4,TIGER 차이나항셍30,20575,5,-420,-2.0,20561.0,-4.7198,1154,24,103
429010,4,TIGER 미국나스닥넥스트100,20545,2,145,0.71,20517.0,7.1428,424,8,103
252000,1,TIGER 200동일가중,18640,2,460,2.53,18302.0,-15.4255,120,2,103
385710,2,TIME K이노베이션액티브,10225,5,-100,-0.97,10253.0,-27.6961,10359,109,102
410870,2,TIME K컬처액티브,9290,5,-150,-1.59,9296.0,-17.5546,8258,78,102
498050,2,HANARO 바이오코리아액티브,10090,5,-145,-1.42,10103.0,-33.6467,5191,53,101
237440,7,TIGER 경기방어채권혼합,10060,2,5,0.05,10035.0,-4.8723,4722,47,101
0203D0,7,PLUS 200위클리커버드콜채권혼합,9095,2,50,0.55,9092.0,,16589,153,100
0189Z0,2,DAISHIN343 금융&지주고배당,10000,5,-15,-0.15,10015.0,,679,6,100
0120J0,2,BNK 카카오그룹포커스,7600,5,-20,-0.26,7636.0,-22.7573,21590,167,99
140570,2,RISE 수출주,24410,2,620,2.61,24383.0,-8.966,3236,81,98
446700,2,RISE 배터리 리사이클링,9000,2,160,1.81,8989.0,-41.2049,2522,23,97
0084D0,7,KIWOOM 미국테크100월간목표헤지액티브,12130,2,30,0.25,12151.0,7.819,483,5,97
375270,7,RISE 글로벌데이터센터리츠(합성),14750,2,60,0.41,14773.0,-7.4355,617,9,96
105010,4,TIGER 라틴35,6810,2,50,0.74,6856.0,-7.8269,1692,11,95
449680,7,TIGER 한중전기차(합성),11140,2,445,4.16,10912.0,-27.3191,110,1,95
281990,2,RISE 중소형고배당,17145,2,95,0.56,17137.0,-12.6845,287,4,94
0174R0,4,KIWOOM 미국성장다우존스,11765,5,-10,-0.08,11772.0,5.4635,5828,68,94
0191S0,1,IBK 코스닥150,12705,5,-180,-1.4,12741.0,,3730,48,94
497510,4,ACE 글로벌빅파마,13410,2,185,1.4,13493.0,7.4666,461,6,94
0001P0,2,마이티 바이오시밀러&CDMO액티브,8380,5,-95,-1.12,8401.0,-34.8341,1332,11,94
463690,4,KODEX 미국S&P500커뮤니케이션,18770,5,-320,-1.68,18892.0,-5.6526,11368,214,94
371150,4,RISE 차이나항셍테크,7410,5,-250,-3.26,7398.0,-3.7689,1376,10,93
0215T0,4,HANARO 미국AI광통신TOP10,9255,2,235,2.61,9569.0,,108704,1041,93
435540,7,KIWOOM TDF2040액티브 적격,18435,2,120,0.66,18449.0,4.9871,1126,20,92
429980,7,SOL 한국형글로벌전기차&2차전지액티브,18350,2,380,2.11,18414.0,-2.6904,571,10,92
261110,7,TIGER 미국달러선물레버리지,18275,2,150,0.83,18279.0,1.3986,100,1,91
461580,1,TIGER 코스닥글로벌,14035,5,-90,-0.64,14048.0,-29.5359,8695,125,91
480460,7,WON 한국부동산TOP3플러스,9095,5,-75,-0.82,9073.0,-15.605,2997,27,91
404540,2,TIGER KRX기후변화솔루션,22715,2,805,3.67,22767.0,-12.5025,3179,74,91
341850,7,TIGER 리츠부동산인프라채권,4515,5,-5,-0.11,4507.0,-12.3231,2774,12,90
0166T0,4,PLUS 글로벌저작권핵심기업액티브,9985,3,0,0.0,10061.0,-6.2863,23515,235,90
395150,2,KODEX 웹툰&드라마,1752,2,19,1.1,1754.0,-32.6991,47946,84,89
301400,1,PLUS 코스닥150,12680,5,-80,-0.63,12739.0,-36.6455,16080,211,89
225800,7,KIWOOM 미국달러선물레버리지,17250,2,170,1.0,17217.0,1.065,550,9,88
0219B0,2,KoAct 광통신&위성네트워크액티브,9740,2,215,2.26,9743.0,,6032,60,88
482030,2,KoAct 반도체&2차전지핵심소재액티브,8305,2,15,0.18,8299.0,-40.6798,6613,57,87
0184N0,7,PLUS 은채권혼합,8675,2,145,1.7,8603.0,,9607,82,87
0216K0,7,KIWOOM 미국우주테크TOP2채권혼합50,8635,2,125,1.47,8618.0,,61023,532,86
497520,4,ACE 일라이릴리밸류체인,13240,2,250,1.92,13303.0,5.8679,1967,26,86
462340,4,에셋플러스 글로벌다이나믹시니어액티브,17050,2,110,0.65,17073.0,7.2151,6,0,85
395750,2,PLUS ESG가치주액티브,21270,2,820,4.01,20481.0,7.8199,28,0,85
0138D0,2,RISE 동학개미,12085,2,145,1.21,12036.0,-20.8878,3170,39,85
487920,4,ACE 인도시장대표BIG5그룹액티브,8435,2,5,0.06,8456.0,-2.2042,1337,11,84
256450,4,PLUS 심천차이넥스트(합성),16770,5,-180,-1.06,16805.0,0.2958,109,1,84
215620,2,HK S&P코리아로우볼,15400,2,145,0.95,15232.0,-16.1506,1,0,83
182490,6,TIGER 단기선진하이일드(합성 H),13845,2,90,0.65,13837.0,-0.5064,540,7,83
435530,7,KIWOOM TDF2030액티브 적격,16425,2,75,0.46,16417.0,4.4728,66,1,82
270800,2,RISE KQ고배당,14930,5,-110,-0.73,14902.0,-12.3116,633,9,82
395280,2,HANARO Fn K-게임,3400,5,-15,-0.44,3393.0,-18.7872,10410,35,82
230480,7,KIWOOM 미국달러선물인버스2X,4025,5,-35,-0.86,4047.0,-2.0507,275,1,81
494210,4,SOL 미국500타겟데일리커버드콜액티브,11520,2,80,0.7,11548.0,5.5015,4540,52,81
174350,2,TIGER 로우볼,20095,2,25,0.12,20167.0,-3.9085,3813,77,80
433250,1,UNICORN R&D 액티브,22920,2,415,1.84,22963.0,-6.6377,44,1,80
402460,2,HANARO Fn K-메타버스MZ,14545,2,480,3.41,14447.0,20.2889,103,1,80
457930,2,BNK 미래전략기술액티브,26500,2,920,3.6,26149.0,-15.1294,77,2,80
390400,4,KODEX 미국스마트모빌리티S&P,7850,2,105,1.36,7948.0,-3.9614,1336,10,79
0218K0,2,BNK 스마트카,10440,2,455,4.56,10352.0,,17640,187,78
437370,4,RISE 글로벌농업경제,11175,2,30,0.27,11148.0,-1.0214,1639,18,78
217780,4,TIGER 차이나CSI300인버스(합성),5035,5,-15,-0.3,5074.0,-1.3672,417,2,78
381570,2,HANARO Fn친환경에너지,9145,2,140,1.55,9114.0,-33.1367,2691,25,78
189400,4,PLUS 글로벌MSCI(합성 H),25310,2,160,0.64,25391.0,2.7999,25,0,76
400590,4,SOL 글로벌탄소배출권선물ICE(합성),15100,2,10,0.07,15170.0,12.9068,1374,20,76
0036Z0,4,RISE 미국천연가스밸류체인,13630,2,135,1.0,13618.0,5.7601,3310,45,75
0094X0,4,1Q 샤오미밸류체인액티브,8800,5,-265,-2.92,8815.0,-9.35,7279,65,75
0005C0,6,RISE 미국S&P500엔화노출(합성 H),11485,2,100,0.88,11505.0,1.6517,321,3,75
0172Y0,2,ACE K수출핵심TOP10산업액티브,9290,2,85,0.92,9288.0,-13.1604,15903,151,74
488480,4,RISE 일본섹터TOP4Plus,13500,2,210,1.58,13455.0,-0.7098,1075,14,74
0047N0,4,PLUS 차이나AI테크TOP10,10600,5,-380,-3.46,10585.0,-5.4481,3553,38,74
466810,2,BNK 2차전지양극재,5100,2,50,0.99,5097.0,-42.7763,2831,14,74
0082F0,4,HANARO 유럽방산,10560,2,120,1.15,10529.0,-8.7014,195,2,74
438740,2,MIDAS 중소형액티브,32710,2,280,0.86,32485.0,-17.1648,82,2,74
450180,7,KODEX 한중전기차(합성),11300,2,95,0.85,11211.0,-25.8193,1017,11,73
304670,6,KODEX 미국30년국채울트라선물인버스(H),12215,2,55,0.45,12237.0,3.4013,101,1,73
225050,4,TIGER 유로스탁스레버리지(합성 H),16050,2,435,2.79,16030.0,5.9003,700,11,72
250780,3,TIGER 코스닥150선물인버스,2880,2,25,0.88,2888.0,42.0398,199041,557,72
285690,2,FOCUS ESG리더스,20530,3,0,0.0,20801.0,-6.2129,0,0,72
227570,2,TIGER 우량가치,19520,2,85,0.44,19488.0,-15.3588,346,6,70
316300,7,ACE 싱가포르리츠,14005,5,-10,-0.07,14166.0,-3.0274,360,5,70
456200,6,PLUS 미국달러SOFR금리액티브(합성),63660,3,0,0.0,63926.0,1.1841,0,0,70
219900,4,ACE 중국본토CSI300레버리지(합성),4995,2,35,0.71,5082.0,-2.5541,3459,17,70
326230,2,RISE 내수주플러스,10815,2,90,0.84,10797.0,-11.6704,1987,21,69
139660,7,KIWOOM 미국달러선물인버스,7805,5,-35,-0.45,7836.0,-0.6338,1,0,68
0087F0,4,ACE 차이나AI빅테크TOP2+액티브,13550,5,-435,-3.11,13568.0,16.1062,12564,172,68
244670,2,KODEX 밸류Plus,11155,2,180,1.64,11011.0,-13.9725,1140,12,67
139290,2,TIGER 200 경기소비재,27070,2,755,2.87,27080.0,-6.2101,6087,168,65
429740,7,PLUS K리츠,5900,5,-90,-1.5,5912.0,-20.1866,1906,11,65
368680,2,KODEX K-뉴딜디지털플러스,7185,2,105,1.48,7125.0,-26.64,319,2,65
0176P0,2,FOCUS AI반도체위클리고정커버드콜,12725,5,-150,-1.17,12672.0,13.1453,5468,71,64
253280,2,RISE 헬스케어,11550,5,-195,-1.66,11576.0,-30.9725,9250,108,64
0102X0,4,ACE 유럽방산TOP10,9055,2,125,1.4,9096.0,-15.4585,335,3,63
272570,6,RISE 중장기국공채액티브,107175,5,-150,-0.14,107150.0,-1.5096,121,12,62
401590,4,HANARO 글로벌탄소배출권선물ICE(합성),12030,2,20,0.17,12088.0,12.2429,353,4,61
138920,5,KODEX 콩선물(H),12095,2,15,0.12,12124.0,0.7086,772,9,60
407300,2,HANARO Fn골프테마,10955,2,330,3.11,10781.0,-13.013,10,0,60
291890,4,KODEX MSCI EM선물(H),11975,3,0,0.0,11920.0,1.7849,2197,26,60
0053M0,2,더제이 중소형포커스액티브,13235,2,225,1.73,12817.0,-11.8404,142,1,60
451670,6,RISE 국채30년레버리지(합성),11905,5,-315,-2.58,11930.0,-32.2805,488,5,60
0114X0,4,RISE 글로벌게임테크TOP3Plus,8490,2,20,0.24,8465.0,3.4188,1455,12,59
476310,4,RISE 글로벌비만산업TOP2+,10790,2,175,1.65,10875.0,12.8654,1515,16,59
0184V0,2,UNICORN K바이오액티브,5385,5,-65,-1.19,5409.0,,11664,64,59
400580,4,SOL 유럽탄소배출권선물S&P(H),11755,5,-25,-0.21,11814.0,9.3271,753,8,59
0132D0,7,KoAct 글로벌K컬처밸류체인액티브,9030,5,-175,-1.9,9120.0,-7.95,66832,609,59
289670,6,PLUS 국채선물10년,51550,5,-230,-0.44,51461.0,-4.2619,263,13,58
0154H0,4,KoAct 차이나바이오헬스케어액티브,8870,2,220,2.54,8927.0,-11.7347,3108,27,58
413220,4,SOL 차이나태양광CSI(합성),4785,2,40,0.84,4829.0,-25.3931,5214,24,57
0191B0,1,MIDAS 코스닥액티브,28500,5,-665,-2.28,28447.0,,1499,43,57
314700,2,HANARO 농업융복합산업,10230,2,75,0.74,10240.0,-20.733,264,2,56
469530,3,RISE 미국달러선물인버스,8780,5,-25,-0.28,8767.0,0.0568,27,0,56
0078V0,4,PLUS 미국로보택시,10160,5,-70,-0.68,10184.0,-9.5489,310,3,56
139240,2,TIGER 200 철강소재,9265,2,185,2.04,9277.0,-39.6536,5198,48,56
499150,4,SOL 미국S&P500엔화노출(H),11085,2,35,0.32,11129.0,2.2557,155,1,55
483030,4,KIWOOM 미국블록버스터바이오테크의약품+,12235,2,190,1.58,12268.0,6.9421,3133,38,55
432600,6,RISE 국채선물3년,54980,5,-35,-0.06,54949.0,-0.4074,3,0,55
267450,6,RISE 미국장기국채선물인버스(H),10980,2,35,0.32,11046.0,1.5777,1,0,55
490330,4,KoAct 미국치매&뇌질환치료제액티브,15680,2,495,3.26,15686.0,19.4728,2556,39,55
0073X0,5,FOCUS 알리바바미국채커버드콜혼합,9955,5,-25,-0.25,9928.0,-4.5672,1680,16,55
261920,4,ACE MSCI필리핀(합성),13625,5,-205,-1.48,13635.0,3.712,47,0,55
0131A0,4,SOL 차이나소비트렌드,8380,2,45,0.54,8402.0,-19.2345,1467,12,54
220130,4,SOL 차이나강소기업CSI500(합성 H),6710,5,-35,-0.52,6743.0,-3.6429,3535,23,54
474390,6,SOL 국고채30년액티브,40050,5,-300,-0.74,39941.0,-16.7355,32,1,54
321410,7,KODEX 멀티에셋하이인컴(H),10700,2,30,0.28,10707.0,-0.3662,6,0,54
483020,2,KIWOOM 의료AI,8825,5,-115,-1.29,8829.0,-33.3592,3036,27,53
411860,4,KIWOOM 독일DAX,17640,2,170,0.97,17647.0,-2.3893,712,12,53
0015E0,7,KIWOOM 엔비디아미국30년국채혼합액티브(H),10550,2,5,0.05,10589.0,-1.3131,1385,14,53
0128D0,4,PLUS 차이나항셍테크위클리타겟커버드콜,7515,5,-220,-2.84,7576.0,-4.2745,4983,37,53
391600,4,ACE 미국친환경그린테마,11620,2,15,0.13,11849.0,-5.9563,11367,132,52
252420,3,RISE 200선물인버스2X,104,5,-1,-0.95,103.0,-43.8503,1916434,184,52
0174J0,7,DAISHIN343 오피스리츠플러스,8615,2,60,0.7,8547.0,-20.9395,1,0,52
488200,2,KIWOOM K-2차전지북미공급망,11355,2,435,3.98,11157.0,-32.7408,1583,18,51
295000,6,RISE 국채선물10년,50845,5,-220,-0.43,50820.0,-4.2921,5,0,51
498610,4,RISE 인도디지털성장,8415,2,20,0.24,8410.0,-3.5058,3804,32,50
307510,2,TIGER 의료기기,12400,5,-250,-1.98,12470.0,-30.4181,2727,34,50
0015K0,4,TIGER 미국소비트렌드액티브,7420,5,-50,-0.67,7444.0,-4.0463,45,0,49
267440,6,RISE 미국장기국채선물(H),8070,5,-90,-1.1,8138.0,-2.7993,60,0,48
470310,2,UNICORN 생성형AI강소기업액티브,15930,2,380,2.44,15788.0,-0.7342,43,0,48
315270,2,TIGER 200커뮤니케이션서비스,19590,2,340,1.77,19662.0,-16.3577,6432,127,47
373790,4,KIWOOM 미국방어배당성장나스닥,16500,5,-125,-0.75,16521.0,0.9722,440,7,46
244660,2,KODEX 퀄리티Plus,8930,3,0,0.0,8916.0,-13.1849,9,0,45
205720,4,ACE 일본TOPIX인버스(합성 H),1479,5,-7,-0.47,1488.0,-7.125,1128,1,44
266550,2,PLUS 중형주저변동50,17735,2,235,1.34,17629.0,-14.9915,14,0,44
0050E0,4,PLUS 미국AI에이전트,7830,5,-200,-2.49,7891.0,1.6523,2230,17,43
488210,2,KIWOOM K-반도체북미공급망,21460,5,-220,-1.01,21433.0,-11.0402,1071,24,43
243890,2,TIGER 200에너지화학레버리지,8035,2,370,4.83,8052.0,-31.8061,59872,502,42
291680,4,RISE 차이나H선물인버스(H),7885,2,10,0.13,8021.0,4.0978,16,0,39
277650,2,TIGER 코스피중형주,19695,2,430,2.23,19637.0,-22.0419,523,10,39
238670,7,PLUS 스마트베타Quality채권혼합,13125,2,60,0.46,13047.0,-1.8527,152,1,39
334690,5,RISE 팔라듐선물(H),5950,2,100,1.71,5950.0,-19.3104,34390,204,39
225030,4,TIGER 미국S&P500선물인버스(H),2300,5,-5,-0.22,2306.0,-4.3569,9666,22,38
226380,2,ACE Fn성장소비주도주,5395,3,0,0.0,5380.0,-19.2595,1560,8,38
227550,2,TIGER 200 산업재,11060,2,200,1.84,11060.0,-28.7145,1308,14,38
0079X0,4,ACE BYD밸류체인액티브,10495,5,-155,-1.46,10525.0,-17.0238,22330,237,37
291630,3,KIWOOM 코스닥150선물레버리지,3035,5,-35,-1.14,3000.0,-63.2995,78591,253,37
267490,6,RISE 미국장기국채선물레버리지(합성 H),5030,5,-45,-0.89,5105.0,-8.0616,2601,13,35
454180,4,KIWOOM 차이나내수소비TOP CSI,8100,5,-60,-0.74,8178.0,-6.2516,17685,141,32
145670,3,ACE 인버스,1387,5,-13,-0.93,1395.0,-20.4094,277660,368,32
489010,4,PLUS 글로벌AI인프라,21035,2,815,4.03,20780.0,2.5615,1908,40,32
253230,3,KIWOOM 200선물인버스2X,97,5,-3,-3.0,98.0,-44.7514,1836810,169,31
227560,2,TIGER 200 생활소비재,12065,5,-130,-1.07,12095.0,-11.5815,3347,40,31
476000,2,UNICORN 포스트IPO액티브,5385,2,270,5.28,5413.0,-56.3008,354,1,30
291620,3,KIWOOM 코스닥150선물인버스,5150,2,20,0.39,5177.0,43.6974,22679,114,29
427120,2,RISE AI플랫폼,4640,2,35,0.76,4636.0,-34.8266,1510,7,29
252410,3,RISE 200선물인버스,1415,5,-8,-0.56,1424.0,-20.7243,29183,39,28
306530,3,HANARO 코스닥150선물레버리지,5990,5,-90,-1.48,5964.0,-64.0344,46915,297,28
280940,5,KODEX 골드선물인버스(H),3615,5,-100,-2.69,3665.0,17.5632,11567,42,27
275750,3,RISE 코스닥150선물인버스,2910,2,30,1.04,2928.0,41.8719,7814,22,26
491630,4,RISE 미국반도체인버스(합성 H),5300,5,-205,-3.72,5272.0,-30.3165,3313,17,25
334700,5,RISE 팔라듐선물인버스(H),3375,5,-95,-2.74,3406.0,14.9006,769,2,22
397420,6,RISE 국채선물5년추종,50330,3,0,0.0,50216.0,-1.5743,0,0,21
253160,3,PLUS 200선물인버스2X,203,5,-1,-0.49,203.0,-46.1742,1002060,185,18
253240,3,KIWOOM 200선물인버스,1419,2,4,0.28,1422.0,-21.3452,183614,247,17
465620,4,ACE 미국빅테크TOP7 Plus인버스(합성),6435,2,15,0.23,6414.0,-4.3932,5789,37,16
306520,3,HANARO 200선물인버스,2595,5,-15,-0.57,2605.0,-19.32,30184,75,16
412560,2,TIGER BBIG레버리지,1501,2,16,1.08,1496.0,-46.8695,18292,28,10
